fusion_id,mating_status,R2_full,R2_noint,R2_cis,R2_diff_int,R2_diff_trans
F10005_SI,M,0.9841,0.9632,0.9637,0.0209,-0.0005
F10005_SI,V,0.9636,0.8875,0.8487,0.0761,0.0388
F10060_SI,M,0.8104,0.7341,0.6474,0.0763,0.0867
F10060_SI,V,0.86,0.8272,0.7507,0.0328,0.0765
F10136_SI,M,0.9046,0.9046,0.8673,0,0.0373
F10136_SI,V,0.9369,0.9313,0.9166,0.0056,0.0147
F10268_SI,M,0.9757,0.9726,0.9727,0.0031,-0.0001
F10268_SI,V,0.974,0.9549,0.9538,0.0191,0.0011
F10317_SI,M,0.8816,0.8812,0.0884,0.0004,0.7928
F10317_SI,V,0.9078,0.8579,0.1466,0.0499,0.7113
F10466_SI,M,0.8436,0.8412,-0.0461,0.0024,0.8873
F10466_SI,V,0.5833,0.5189,-0.0769,0.0644,0.5958
F10806_SI,M,0.856,0.7757,0.2183,0.0803,0.5574
F10806_SI,V,0.9684,0.9441,0.593,0.0243,0.3511
F1101_SI,M,0.864,0.6643,0.658,0.1997,0.0063
F1101_SI,V,0.9304,0.6342,0.632,0.2962,0.0022
F11767_SI,M,0.9391,0.8543,0.7988,0.0848,0.0555
F11767_SI,V,0.9504,0.8728,0.8563,0.0776,0.0165
F11773_SI,M,0.7913,0.5669,0.5736,0.2244,-0.0067
F11773_SI,V,0.83,0.6503,0.6336,0.1797,0.0167
F11799_SI,M,0.9132,0.8774,0.8381,0.0358,0.0393
F11799_SI,V,0.9489,0.945,0.9376,0.0039,0.0074
F11853_SI,M,0.9834,0.8876,0.8772,0.0958,0.0104
F11853_SI,V,0.9852,0.9509,0.947,0.0343,0.0039
F12153_SI,M,0.9954,0.996,0.9889,-0.0006,0.0071
F12153_SI,V,0.9951,0.9945,0.9905,0.0006,0.004
F12466_SI,M,0.8919,0.6629,0.6683,0.229,-0.0054
F12466_SI,V,0.9565,0.7588,0.7647,0.1977,-0.0059
F12487_SI,M,0.852,0.8468,0.5687,0.0052,0.2781
F12487_SI,V,0.8817,0.8615,0.5688,0.0202,0.2927
F12605_SI,M,0.8045,0.7661,0.665,0.0384,0.1011
F12605_SI,V,0.8319,0.8393,0.5819,-0.0074,0.2574
F12816_SI,M,0.6197,0.3384,0.3339,0.2813,0.0045
F12816_SI,V,0.5782,0.3338,0.3666,0.2444,-0.0328
F13385_SI,M,0.9745,0.9392,0.9407,0.0353,-0.0015
F13385_SI,V,0.9379,0.8686,0.8681,0.0693,0.0005
F13485_SI,M,0.9609,0.8469,0.824,0.114,0.0229
F13485_SI,V,0.9448,0.736,0.7384,0.2088,-0.0024
F13683_SI,M,0.8979,0.8853,0.7734,0.0126,0.1119
F13683_SI,V,0.9708,0.9178,0.9264,0.053,-0.0086
F13710_SI,M,0.5017,0.2675,0.2738,0.2342,-0.0063
F13710_SI,V,0.8038,0.6503,0.6721,0.1535,-0.0218
F13753_SI,M,0.9832,0.9153,0.9182,0.0679,-0.0029
F13753_SI,V,0.9821,0.9099,0.9125,0.0722,-0.0026
F13922_SI,M,0.9732,0.8361,0.7951,0.1371,0.041
F13922_SI,V,0.9709,0.8375,0.776,0.1334,0.0615
F13945_SI,M,0.598,0.513,0.4572,0.085,0.0558
F13945_SI,V,0.7697,0.6456,0.6109,0.1241,0.0347
F14222_SI,M,0.9572,0.9349,0.9223,0.0223,0.0126
F14222_SI,V,0.9748,0.9708,0.9683,0.004,0.0025
F14228_SI,M,0.9564,0.9244,0.9021,0.032,0.0223
F14228_SI,V,0.9328,0.8195,0.7342,0.1133,0.0853
F14246_SI,M,0.7483,0.6638,0.5869,0.0845,0.0769
F14246_SI,V,0.6913,0.6054,0.4979,0.0859,0.1075
F14369_SI,M,0.7277,0.6519,0.6595,0.0758,-0.0076
F14369_SI,V,0.732,0.6061,0.587,0.1259,0.0191
F1456_SI,M,0.8006,0.6467,0.1198,0.1539,0.5269
F1456_SI,V,0.7598,0.6725,0.0842,0.0873,0.5883
F14952_SI,M,0.9646,0.8834,0.8854,0.0812,-0.002
F14952_SI,V,0.9553,0.8484,0.8443,0.1069,0.0041
F15261_SI,M,0.8648,0.6198,0.6448,0.245,-0.025
F15261_SI,V,0.6742,0.533,0.5285,0.1412,0.0045
F15292_SI,M,0.8909,0.6419,0.6481,0.249,-0.0062
F15292_SI,V,0.8856,0.6509,0.6473,0.2347,0.0036
F15294_SI,M,0.9697,0.9252,0.9268,0.0445,-0.0016
F15294_SI,V,0.9723,0.9432,0.9323,0.0291,0.0109
F15347_SI,M,0.875,0.7397,0.7383,0.1353,0.0014
F15347_SI,V,0.8693,0.6753,0.677,0.194,-0.0017
F1534_SI,M,0.8621,0.7153,0.6685,0.1468,0.0468
F1534_SI,V,0.8407,0.7209,0.5964,0.1198,0.1245
F15445_SI,M,0.9736,0.9457,0.9325,0.0279,0.0132
F15445_SI,V,0.975,0.9537,0.9482,0.0213,0.0055
F1550_SI,M,0.9682,0.9697,0.96,-0.0015,0.0097
F1550_SI,V,0.8881,0.8826,0.8169,0.0055,0.0657
F1553_SI,M,0.9373,0.8388,0.84,0.0985,-0.0012
F1553_SI,V,0.9477,0.7913,0.7968,0.1564,-0.0055
F1554_SI,M,0.957,0.5905,0.5191,0.3665,0.0714
F1554_SI,V,0.9111,0.6295,0.5276,0.2816,0.1019
F1555_SI,M,0.8972,0.765,0.7354,0.1322,0.0296
F1555_SI,V,0.9689,0.794,0.7907,0.1749,0.0033
F1558_SI,M,0.6531,0.0736,0.0966,0.5795,-0.023
F1558_SI,V,0.5648,0.4767,0.0246,0.0881,0.4521
F15765_SI,M,0.9921,0.9642,0.9649,0.0279,-0.0007
F15765_SI,V,0.9886,0.9671,0.9431,0.0215,0.024
F15820_SI,M,-0.0367,0.0023,0.0346,-0.039,-0.0323
F15820_SI,V,0.0686,0.0859,0.0891,-0.0173,-0.0032
F15821_SI,M,0.324,0.3756,0.4183,-0.0516,-0.0427
F15821_SI,V,0.418,0.4628,0.4714,-0.0448,-0.0086
F15876_SI,M,0.9586,0.8343,0.7715,0.1243,0.0628
F15876_SI,V,0.9625,0.8605,0.7886,0.102,0.0719
F15929_SI,M,0.9217,0.9077,0.8899,0.014,0.0178
F15929_SI,V,0.9703,0.9081,0.9007,0.0622,0.0074
F15953_SI,M,0.9435,0.7399,0.7188,0.2036,0.0211
F15953_SI,V,0.9064,0.5492,0.5525,0.3572,-0.0033
F15961_SI,M,0.8573,0.7393,0.5097,0.118,0.2296
F15961_SI,V,0.8994,0.8157,0.5901,0.0837,0.2256
F15979_SI,M,0.7583,0.7651,0.4738,-0.0068,0.2913
F15979_SI,V,0.8376,0.7686,0.4732,0.069,0.2954
F16103_SI,M,0.9661,0.9359,0.9372,0.0302,-0.0013
F16103_SI,V,0.954,0.9271,0.9212,0.0269,0.0059
F16130_SI,M,0.561,0.4641,0.3404,0.0969,0.1237
F16130_SI,V,0.3722,0.3322,0.1986,0.04,0.1336
F1614_SI,M,0.7237,0.6915,-0.0043,0.0322,0.6958
F1614_SI,V,0.5187,0.4445,0.069,0.0742,0.3755
F16296_SI,M,0.8844,0.8408,0.7845,0.0436,0.0563
F16296_SI,V,0.4424,0.332,0.3046,0.1104,0.0274
F16434_SI,M,0.8924,0.8887,0.4506,0.0037,0.4381
F16434_SI,V,0.6069,0.4749,0.2003,0.132,0.2746
F16605_SI,M,0.6655,0.5654,0.3917,0.1001,0.1737
F16605_SI,V,0.5508,0.4419,0.3742,0.1089,0.0677
F1668_SI,M,0.9677,0.9332,0.9242,0.0345,0.009
F1668_SI,V,0.9756,0.9626,0.9199,0.013,0.0427
F16767_SI,M,0.9814,0.9699,0.9707,0.0115,-0.0008
F16767_SI,V,0.9676,0.9543,0.9574,0.0133,-0.0031
F17107_SI,M,0.9622,0.8435,0.8439,0.1187,-0.0004
F17107_SI,V,0.9614,0.888,0.8828,0.0734,0.0052
F17370_SI,M,0.8979,0.8623,0.8406,0.0356,0.0217
F17370_SI,V,0.9017,0.8177,0.8175,0.084,0.0002
F18750_SI,M,0.7477,0.7194,0.7299,0.0283,-0.0105
F18750_SI,V,0.8186,0.8159,0.7448,0.0027,0.0711
F18872_SI,M,0.9971,0.9949,0.9948,0.0022,0.0001
F18872_SI,V,0.9914,0.9901,0.9903,0.0013,-0.0002
F18926_SI,M,0.6937,0.3987,0.2805,0.295,0.1182
F18926_SI,V,0.7852,0.4694,0.384,0.3158,0.0854
F19069_SI,M,0.9052,0.6688,0.5464,0.2364,0.1224
F19069_SI,V,0.8457,0.6126,0.4539,0.2331,0.1587
F19164_SI,M,0.8629,0.641,0.6502,0.2219,-0.0092
F19164_SI,V,0.7675,0.5641,0.5416,0.2034,0.0225
F1990_SI,M,0.3708,0.2375,0.2551,0.1333,-0.0176
F1990_SI,V,0.5288,0.4318,0.4124,0.097,0.0194
F20240_SI,M,0.9702,0.9149,0.796,0.0553,0.1189
F20240_SI,V,0.9894,0.8675,0.8693,0.1219,-0.0018
F20523_SI,M,0.6563,0.5474,0.5174,0.1089,0.03
F20523_SI,V,0.826,0.7533,0.6842,0.0727,0.0691
F20606_SI,M,0.7628,0.7684,0.6904,-0.0056,0.078
F20606_SI,V,0.5867,0.6064,0.5351,-0.0197,0.0713
F20748_SI,M,0.7472,0.6718,0.3907,0.0754,0.2811
F20748_SI,V,0.7501,0.7192,0.3653,0.0309,0.3539
F20769_SI,M,0.9659,0.9355,0.8525,0.0304,0.083
F20769_SI,V,0.9553,0.9363,0.9386,0.019,-0.0023
F20866_SI,M,0.8165,0.7704,0.7401,0.0461,0.0303
F20866_SI,V,0.7586,0.7584,0.7541,0.0002,0.0043
F21007_SI,M,0.4093,0.4101,0.0989,-0.0008,0.3112
F21007_SI,V,0.7462,0.1246,0.1083,0.6216,0.0163
F2108_SI,M,0.6841,0.533,0.4181,0.1511,0.1149
F2108_SI,V,0.6398,0.3821,0.2702,0.2577,0.1119
F21252_SI,M,0.9695,0.9554,0.9546,0.0141,0.0008
F21252_SI,V,0.9801,0.9289,0.9317,0.0512,-0.0028
F21489_SI,M,0.903,0.7592,0.6277,0.1438,0.1315
F21489_SI,V,0.8459,0.6936,0.5635,0.1523,0.1301
F21490_SI,M,0.824,0.6709,0.5759,0.1531,0.095
F21490_SI,V,0.8506,0.5536,0.5709,0.297,-0.0173
F21677_SI,M,0.7757,0.5317,0.5025,0.244,0.0292
F21677_SI,V,0.4226,0.2826,0.267,0.14,0.0156
F22116_SI,M,0.8652,0.8693,0.6945,-0.0041,0.1748
F22116_SI,V,0.889,0.8743,0.7679,0.0147,0.1064
F22254_SI,M,0.8021,0.6543,0.6485,0.1478,0.0058
F22254_SI,V,0.8132,0.6582,0.637,0.155,0.0212
F22463_SI,M,0.6521,0.4098,0.3278,0.2423,0.082
F22463_SI,V,0.6178,0.4639,0.2969,0.1539,0.167
F22489_SI,M,0.7847,0.5679,0.5701,0.2168,-0.0022
F22489_SI,V,0.6669,0.6012,0.4636,0.0657,0.1376
F22497_SI,M,0.8012,0.7237,0.6716,0.0775,0.0521
F22497_SI,V,0.9684,0.8152,0.7413,0.1532,0.0739
F22521_SI,M,0.7706,0.6789,0.4792,0.0917,0.1997
F22521_SI,V,0.8488,0.6838,0.5008,0.165,0.183
F22585_SI,M,0.9563,0.9206,0.8909,0.0357,0.0297
F22585_SI,V,0.9856,0.9079,0.8639,0.0777,0.044
F22663_SI,M,0.9342,0.7148,0.6606,0.2194,0.0542
F22663_SI,V,0.8117,0.682,0.6057,0.1297,0.0763
F22667_SI,M,0.898,0.7271,0.7105,0.1709,0.0166
F22667_SI,V,0.9142,0.7127,0.6781,0.2015,0.0346
F23416_SI,M,0.9541,0.9161,0.9178,0.038,-0.0017
F23416_SI,V,0.971,0.9233,0.9215,0.0477,0.0018
F23418_SI,M,0.968,0.933,0.9336,0.035,-0.0006
F23418_SI,V,0.9863,0.9842,0.9845,0.0021,-0.0003
F23743_SI,M,0.9643,0.7989,0.7478,0.1654,0.0511
F23743_SI,V,0.9326,0.7908,0.798,0.1418,-0.0072
F23767_SI,M,0.8736,0.8344,0.8273,0.0392,0.0071
F23767_SI,V,0.8098,0.6709,0.6677,0.1389,0.0032
F23890_SI,M,0.7965,0.6077,0.4274,0.1888,0.1803
F23890_SI,V,0.7478,0.5749,0.4125,0.1729,0.1624
F23929_SI,M,0.8265,0.7018,0.7037,0.1247,-0.0019
F23929_SI,V,0.8234,0.5779,0.5369,0.2455,0.041
F24154_SI,M,0.8834,0.779,0.7555,0.1044,0.0235
F24154_SI,V,0.888,0.554,0.4685,0.334,0.0855
F24179_SI,M,0.8974,0.8107,0.8058,0.0867,0.0049
F24179_SI,V,0.9202,0.8538,0.8583,0.0664,-0.0045
F24275_SI,M,0.9192,0.8146,0.8179,0.1046,-0.0033
F24275_SI,V,0.9041,0.8052,0.7809,0.0989,0.0243
F24497_SI,M,0.7416,0.4993,0.4599,0.2423,0.0394
F24497_SI,V,0.7964,0.5729,0.5199,0.2235,0.053
F24534_SI,M,0.6714,0.5241,0.4975,0.1473,0.0266
F24534_SI,V,0.6628,0.6804,0.4054,-0.0176,0.275
F24973_SI,M,0.7929,0.6429,0.6138,0.15,0.0291
F24973_SI,V,0.5688,0.5508,0.5026,0.018,0.0482
F25282_SI,M,0.8905,0.7258,0.6273,0.1647,0.0985
F25282_SI,V,0.8193,0.7295,0.6011,0.0898,0.1284
F25533_SI,M,0.0142,0.2531,-0.1596,-0.2389,0.4127
F25533_SI,V,0.957,0.9153,0.8299,0.0417,0.0854
F25645_SI,M,0.9556,0.9655,-0.0044,-0.0099,0.9699
F25645_SI,V,0.968,0.9687,-0.1162,-0.0007,1.0849
F25727_SI,M,0.7212,0.2452,0.1053,0.476,0.1399
F25727_SI,V,0.7803,0.6812,0.2499,0.0991,0.4313
F25783_SI,M,0.497,0.3921,0.3008,0.1049,0.0913
F25783_SI,V,0.4937,0.3838,0.3273,0.1099,0.0565
F25804_SI,M,0.5985,0.4352,0.2468,0.1633,0.1884
F25804_SI,V,0.608,0.4997,0.2039,0.1083,0.2958
F26163_SI,M,0.8954,0.7403,0.687,0.1551,0.0533
F26163_SI,V,0.8581,0.7006,0.6548,0.1575,0.0458
F26331_SI,M,0.9443,0.8295,0.7603,0.1148,0.0692
F26331_SI,V,0.9543,0.8062,0.7602,0.1481,0.046
F26657_SI,M,0.9354,0.7872,0.7884,0.1482,-0.0012
F26657_SI,V,0.9484,0.8445,0.82,0.1039,0.0245
F26668_SI,M,0.9618,0.8553,0.8108,0.1065,0.0445
F26668_SI,V,0.9857,0.9351,0.8888,0.0506,0.0463
F26682_SI,M,0.9719,0.9152,0.9167,0.0567,-0.0015
F26682_SI,V,0.9617,0.9177,0.9167,0.044,0.001
F26693_SI,M,0.9748,0.8044,0.7538,0.1704,0.0506
F26693_SI,V,0.9777,0.882,0.8836,0.0957,-0.0016
F26761_SI,M,0.6293,0.5729,0.4612,0.0564,0.1117
F26761_SI,V,0.7261,0.5071,0.5052,0.219,0.0019
F26918_SI,M,0.2943,0.3464,0.0254,-0.0521,0.321
F26918_SI,V,0.5481,0.5828,0.5174,-0.0347,0.0654
F26920_SI,M,0.9285,0.258,0.3048,0.6705,-0.0468
F26920_SI,V,0.9213,0.3687,0.417,0.5526,-0.0483
F27070_SI,M,0.946,0.848,0.831,0.098,0.017
F27070_SI,V,0.9368,0.8351,0.8005,0.1017,0.0346
F2714_SI,M,0.5184,0.4771,0.2675,0.0413,0.2096
F2714_SI,V,0.6976,0.5808,0.4594,0.1168,0.1214
F27775_SI,M,0.7032,0.4998,0.4516,0.2034,0.0482
F27775_SI,V,0.6765,0.5045,0.4308,0.172,0.0737
F27994_SI,M,-0.0617,-0.031,-0.0032,-0.0307,-0.0278
F27994_SI,V,-0.0339,-0.0304,-0.0087,-0.0035,-0.0217
F28147_SI,M,0.8372,0.6473,0.6408,0.1899,0.0065
F28147_SI,V,0.7861,0.5786,0.5713,0.2075,0.0073
F2858_SI,M,0.9712,0.9584,0.9568,0.0128,0.0016
F2858_SI,V,0.9808,0.9386,0.9373,0.0422,0.0013
F29179_SI,M,0.8227,0.6865,0.6935,0.1362,-0.007
F29179_SI,V,0.7664,0.6089,0.6074,0.1575,0.0015
F30100_SI,M,0.9103,0.8922,0.8114,0.0181,0.0808
F30100_SI,V,0.7792,0.7636,0.7681,0.0156,-0.0045
F30101_SI,M,0.923,0.8024,0.762,0.1206,0.0404
F30101_SI,V,0.9567,0.8592,0.8025,0.0975,0.0567
F30102_SI,M,0.6222,0.4551,0.1998,0.1671,0.2553
F30102_SI,V,0.7803,0.6579,0.2143,0.1224,0.4436
F3029_SI,M,0.6333,0.5956,0.5941,0.0377,0.0015
F3029_SI,V,0.7521,0.6087,0.5773,0.1434,0.0314
F30567_SI,M,0.8291,0.3782,0.4008,0.4509,-0.0226
F30567_SI,V,0.7949,0.4802,0.4982,0.3147,-0.018
F30649_SI,M,0.0276,0.0546,0.0483,-0.027,0.0063
F30649_SI,V,0.0793,0.0828,0.0853,-0.0035,-0.0025
F31342_SI,M,0.7588,0.6222,0.4696,0.1366,0.1526
F31342_SI,V,0.7449,0.7213,0.4439,0.0236,0.2774
F32422_SI,M,0.9704,0.9251,0.8986,0.0453,0.0265
F32422_SI,V,0.9734,0.9715,0.9307,0.0019,0.0408
F32473_SI,M,0.7602,0.7635,-0.0526,-0.0033,0.8161
F32473_SI,V,0.7336,0.6671,0.0192,0.0665,0.6479
F33081_SI,M,0.4469,0.4099,0.4622,0.037,-0.0523
F33081_SI,V,0.1836,0.2954,0.3998,-0.1118,-0.1044
F3328_SI,M,0.6845,0.5895,0.5801,0.095,0.0094
F3328_SI,V,0.6627,0.5353,0.5333,0.1274,0.002
F33346_SI,M,0.9391,0.9178,0.2372,0.0213,0.6806
F33346_SI,V,0.9084,0.8886,0.2268,0.0198,0.6618
F3352_SI,M,0.6874,0.4334,0.4467,0.254,-0.0133
F3352_SI,V,0.7384,0.508,0.518,0.2304,-0.01
F3363_SI,M,0.9305,0.8804,0.7649,0.0501,0.1155
F3363_SI,V,0.9752,0.9526,0.9231,0.0226,0.0295
F34280_SI,M,0.6903,0.6829,0.5473,0.0074,0.1356
F34280_SI,V,0.4806,0.4243,0.4462,0.0563,-0.0219
F35647_SI,M,0.8509,0.716,0.7185,0.1349,-0.0025
F35647_SI,V,0.9039,0.7334,0.7243,0.1705,0.0091
F35949_SI,M,0.9777,0.8534,0.8337,0.1243,0.0197
F35949_SI,V,0.9409,0.8842,0.8629,0.0567,0.0213
F36055_SI,M,0.9827,0.9242,0.9215,0.0585,0.0027
F36055_SI,V,0.9825,0.9683,0.9413,0.0142,0.027
F36159_SI,M,0.8697,0.8167,0.8217,0.053,-0.005
F36159_SI,V,0.9363,0.7788,0.7617,0.1575,0.0171
F36264_SI,M,0.9138,0.5639,0.5827,0.3499,-0.0188
F36264_SI,V,0.9037,0.6299,0.6465,0.2738,-0.0166
F36280_SI,M,0.4947,0.3482,0.3496,0.1465,-0.0014
F36280_SI,V,0.5844,0.3726,0.3886,0.2118,-0.016
F36300_SI,M,0.477,0.2655,0.292,0.2115,-0.0265
F36300_SI,V,0.4774,0.2796,0.2726,0.1978,0.007
F36604_SI,M,0.881,0.8639,0.7893,0.0171,0.0746
F36604_SI,V,0.8901,0.8647,0.8172,0.0254,0.0475
F36911_SI,M,0.9658,0.885,0.8373,0.0808,0.0477
F36911_SI,V,0.9147,0.7941,0.8014,0.1206,-0.0073
F37059_SI,M,0.7476,0.5969,0.5871,0.1507,0.0098
F37059_SI,V,0.8486,0.6732,0.5527,0.1754,0.1205
F37135_SI,M,0.9357,0.8594,0.8122,0.0763,0.0472
F37135_SI,V,0.9526,0.9017,0.7369,0.0509,0.1648
F37333_SI,M,0.8779,0.7244,0.6677,0.1535,0.0567
F37333_SI,V,0.8601,0.7741,0.6373,0.086,0.1368
F37410_SI,M,0.6676,0.513,0.2717,0.1546,0.2413
F37410_SI,V,0.6339,0.5343,0.2883,0.0996,0.246
F37420_SI,M,0.6244,0.517,0.5003,0.1074,0.0167
F37420_SI,V,0.9272,0.7504,0.7539,0.1768,-0.0035
F37458_SI,M,0.9564,0.8697,0.8694,0.0867,0.0003
F37458_SI,V,0.9005,0.8182,0.792,0.0823,0.0262
F37523_SI,M,0.8431,0.7791,0.4199,0.064,0.3592
F37523_SI,V,0.8367,0.7941,0.5003,0.0426,0.2938
F37555_SI,M,0.9895,0.978,0.916,0.0115,0.062
F37555_SI,V,0.9594,0.9389,0.889,0.0205,0.0499
F37624_SI,M,0.9779,0.9746,0.9746,0.0033,0
F37624_SI,V,0.9913,0.9813,0.9812,0.01,0.0001
F37928_SI,M,0.7361,0.6026,0.5794,0.1335,0.0232
F37928_SI,V,0.703,0.5702,0.5327,0.1328,0.0375
F37974_SI,M,0.9176,0.8442,0.8492,0.0734,-0.005
F37974_SI,V,0.8266,0.7025,0.7208,0.1241,-0.0183
F37987_SI,M,0.9834,0.9573,0.9564,0.0261,0.0009
F37987_SI,V,0.9856,0.9604,0.9598,0.0252,0.0006
F38056_SI,M,0.9732,0.8838,0.8832,0.0894,0.0006
F38056_SI,V,0.9737,0.8317,0.8354,0.142,-0.0037
F38080_SI,M,0.6213,0.4349,0.3829,0.1864,0.052
F38080_SI,V,0.6994,0.5417,0.4869,0.1577,0.0548
F38082_SI,M,0.5395,0.5512,0.4119,-0.0117,0.1393
F38082_SI,V,0.685,0.6711,0.4976,0.0139,0.1735
F38125_SI,M,0.9239,0.8279,0.6006,0.096,0.2273
F38125_SI,V,0.9083,0.7949,0.6237,0.1134,0.1712
F38346_SI,M,0.9794,0.9346,0.9012,0.0448,0.0334
F38346_SI,V,0.9765,0.9152,0.9144,0.0613,0.0008
F38541_SI,M,0.8646,0.6773,0.685,0.1873,-0.0077
F38541_SI,V,0.8449,0.668,0.6341,0.1769,0.0339
F38789_SI,M,0.8266,0.4547,0.1866,0.3719,0.2681
F38789_SI,V,0.808,0.5566,0.4583,0.2514,0.0983
F39108_SI,M,0.9592,0.854,0.83,0.1052,0.024
F39108_SI,V,0.967,0.8433,0.8164,0.1237,0.0269
F39115_SI,M,0.4112,0.3696,0.3668,0.0416,0.0028
F39115_SI,V,0.4305,0.3617,0.3734,0.0688,-0.0117
F39184_SI,M,0.6089,0.5494,0.5513,0.0595,-0.0019
F39184_SI,V,0.8557,0.8195,0.6682,0.0362,0.1513
F39293_SI,M,0.978,0.9762,0.4428,0.0018,0.5334
F39293_SI,V,0.9901,0.9868,0.4561,0.0033,0.5307
F39309_SI,M,0.9106,0.8679,0.776,0.0427,0.0919
F39309_SI,V,0.8524,0.7971,0.797,0.0553,0.0001
F39345_SI,M,0.6661,0.5816,0.492,0.0845,0.0896
F39345_SI,V,0.7561,0.6868,0.5644,0.0693,0.1224
F39721_SI,M,0.9877,0.9859,0.9823,0.0018,0.0036
F39721_SI,V,0.9825,0.9829,0.9751,-0.0004,0.0078
F3984_SI,M,0.978,0.9468,0.9449,0.0312,0.0019
F3984_SI,V,0.9805,0.9376,0.921,0.0429,0.0166
F39857_SI,M,0.8238,0.7363,0.7437,0.0875,-0.0074
F39857_SI,V,0.7971,0.7672,0.7196,0.0299,0.0476
F40168_SI,M,0.793,0.7008,0.7046,0.0922,-0.0038
F40168_SI,V,0.797,0.7368,0.7422,0.0602,-0.0054
F40312_SI,M,0.9647,0.8177,0.8355,0.147,-0.0178
F40312_SI,V,0.9886,0.7908,0.8207,0.1978,-0.0299
F40667_SI,M,0.1563,0.2203,0.2019,-0.064,0.0184
F40667_SI,V,0.61,0.6397,0.2715,-0.0297,0.3682
F41056_SI,M,0.8679,0.8586,0.6995,0.0093,0.1591
F41056_SI,V,0.8466,0.8512,0.7081,-0.0046,0.1431
F41062_SI,M,0.769,0.7272,0.5156,0.0418,0.2116
F41062_SI,V,0.9588,0.7246,0.736,0.2342,-0.0114
F41269_SI,M,0.9215,0.7951,0.8005,0.1264,-0.0054
F41269_SI,V,0.9215,0.8503,0.8523,0.0712,-0.002
F41778_SI,M,0.5033,0.3775,0.3928,0.1258,-0.0153
F41778_SI,V,0.5462,0.4026,0.407,0.1436,-0.0044
F41893_SI,M,0.9474,0.7232,0.7229,0.2242,0.0003
F41893_SI,V,0.9159,0.7318,0.7375,0.1841,-0.0057
F41894_SI,M,0.9183,0.8612,0.8517,0.0571,0.0095
F41894_SI,V,0.9706,0.8863,0.8649,0.0843,0.0214
F4195_SI,M,0.7336,0.699,0.7047,0.0346,-0.0057
F4195_SI,V,0.6572,0.6438,0.6468,0.0134,-0.003
F42012_SI,M,0.854,0.783,0.7041,0.071,0.0789
F42012_SI,V,0.8933,0.7144,0.7036,0.1789,0.0108
F42013_SI,M,0.2138,0.151,0.1518,0.0628,-0.0008
F42013_SI,V,0.3448,0.2723,0.2431,0.0725,0.0292
F4204_SI,M,0.2783,0.0966,0.106,0.1817,-0.0094
F4204_SI,V,0.261,0.1911,0.0577,0.0699,0.1334
F42131_SI,M,0.9196,0.8558,0.8234,0.0638,0.0324
F42131_SI,V,0.7417,0.6976,0.6515,0.0441,0.0461
F42260_SI,M,0.428,0.425,0.2106,0.003,0.2144
F42260_SI,V,0.3387,0.3515,0.1633,-0.0128,0.1882
F42356_SI,M,0.9739,0.9725,0.9702,0.0014,0.0023
F42356_SI,V,0.9926,0.9927,0.9872,-0.0001,0.0055
F43047_SI,M,0.9799,0.8162,0.7788,0.1637,0.0374
F43047_SI,V,0.982,0.8738,0.8598,0.1082,0.014
F43122_SI,M,0.8652,0.7734,0.7501,0.0918,0.0233
F43122_SI,V,0.8873,0.7478,0.6529,0.1395,0.0949
F43125_SI,M,0.7697,0.6487,0.6042,0.121,0.0445
F43125_SI,V,0.7702,0.5411,0.4976,0.2291,0.0435
F43487_SI,M,0.7697,0.6727,0.6309,0.097,0.0418
F43487_SI,V,0.8323,0.6749,0.6282,0.1574,0.0467
F43491_SI,M,0.2384,0.2524,0.0928,-0.014,0.1596
F43491_SI,V,0.2556,0.262,0.2187,-0.0064,0.0433
F43513_SI,M,0.7478,0.4969,0.4964,0.2509,0.0005
F43513_SI,V,0.739,0.5476,0.5569,0.1914,-0.0093
F43524_SI,M,0.964,0.8898,0.8777,0.0742,0.0121
F43524_SI,V,0.9531,0.8294,0.7109,0.1237,0.1185
F43539_SI,M,0.7854,0.6797,0.6415,0.1057,0.0382
F43539_SI,V,0.9268,0.7897,0.7512,0.1371,0.0385
F4373_SI,M,0.787,0.6295,0.5527,0.1575,0.0768
F4373_SI,V,0.751,0.5231,0.4919,0.2279,0.0312
F43746_SI,M,0.8907,0.6556,0.6666,0.2351,-0.011
F43746_SI,V,0.8919,0.6664,0.6767,0.2255,-0.0103
F43748_SI,M,0.8483,0.6527,0.4449,0.1956,0.2078
F43748_SI,V,0.8579,0.7164,0.4105,0.1415,0.3059
F43754_SI,M,0.2737,0.2245,0.2354,0.0492,-0.0109
F43754_SI,V,0.729,0.5223,0.4857,0.2067,0.0366
F43772_SI,M,0.9173,0.8366,0.4727,0.0807,0.3639
F43772_SI,V,0.9096,0.9084,0.4016,0.0012,0.5068
F44015_SI,M,0.9679,0.8651,0.8064,0.1028,0.0587
F44015_SI,V,0.9702,0.8487,0.7649,0.1215,0.0838
F44294_SI,M,0.8859,0.6652,0.6133,0.2207,0.0519
F44294_SI,V,0.8981,0.6704,0.5298,0.2277,0.1406
F44391_SI,M,0.7576,0.6871,0.5839,0.0705,0.1032
F44391_SI,V,0.7226,0.6637,0.5866,0.0589,0.0771
F44512_SI,M,0.91,0.7903,0.789,0.1197,0.0013
F44512_SI,V,0.9499,0.811,0.7287,0.1389,0.0823
F44692_SI,M,0.9789,0.9251,0.9251,0.0538,0
F44692_SI,V,0.9764,0.8894,0.8607,0.087,0.0287
F44696_SI,M,0.9138,0.8801,0.5987,0.0337,0.2814
F44696_SI,V,0.9063,0.8195,0.6646,0.0868,0.1549
F44861_SI,M,0.4652,0.3429,0.339,0.1223,0.0039
F44861_SI,V,0.6363,0.4584,0.4163,0.1779,0.0421
F45000_SI,M,0.2916,0.2593,0.1649,0.0323,0.0944
F45000_SI,V,0.3222,0.2824,0.1757,0.0398,0.1067
F45117_SI,M,0.9416,0.8957,0.858,0.0459,0.0377
F45117_SI,V,0.9579,0.9239,0.8614,0.034,0.0625
F45169_SI,M,0.9104,0.8394,0.8393,0.071,0.0001
F45169_SI,V,0.9449,0.7666,0.7465,0.1783,0.0201
F45170_SI,M,0.8924,0.8681,0.8514,0.0243,0.0167
F45170_SI,V,0.9239,0.8882,0.8809,0.0357,0.0073
F45245_SI,M,0.9732,0.8976,0.8271,0.0756,0.0705
F45245_SI,V,0.9656,0.9455,0.8599,0.0201,0.0856
F45303_SI,M,0.2711,0.0035,0.0239,0.2676,-0.0204
F45303_SI,V,0.0518,-0.0384,-0.012,0.0902,-0.0264
F4535_SI,M,0.9478,0.6726,0.6743,0.2752,-0.0017
F4535_SI,V,0.9759,0.7037,0.6938,0.2722,0.0099
F4536_SI,M,0.9922,0.944,0.8941,0.0482,0.0499
F4536_SI,V,0.9778,0.9751,0.9658,0.0027,0.0093
F45406_SI,M,0.9816,0.9326,0.8334,0.049,0.0992
F45406_SI,V,0.9858,0.9494,0.8397,0.0364,0.1097
F45560_SI,M,0.3636,0.1697,0.1962,0.1939,-0.0265
F45560_SI,V,0.5197,0.346,0.3686,0.1737,-0.0226
F45577_SI,M,0.9615,0.9469,0.9447,0.0146,0.0022
F45577_SI,V,0.9356,0.92,0.9101,0.0156,0.0099
F45755_SI,M,0.9588,0.9122,0.8349,0.0466,0.0773
F45755_SI,V,0.9693,0.8794,0.8073,0.0899,0.0721
F45952_SI,M,0.5851,0.3595,0.3171,0.2256,0.0424
F45952_SI,V,0.5855,0.3219,0.1799,0.2636,0.142
F46036_SI,M,0.9809,0.917,0.8931,0.0639,0.0239
F46036_SI,V,0.9924,0.9296,0.9046,0.0628,0.025
F46325_SI,M,0.5988,0.6082,0.3591,-0.0094,0.2491
F46325_SI,V,0.8979,0.8975,0.7296,0.0004,0.1679
F46332_SI,M,0.9917,0.9624,0.9631,0.0293,-0.0007
F46332_SI,V,0.9919,0.9661,0.9666,0.0258,-0.0005
F46432_SI,M,0.9243,0.8026,0.8047,0.1217,-0.0021
F46432_SI,V,0.8782,0.7512,0.7565,0.127,-0.0053
F46749_SI,M,0.546,0.2711,0.2654,0.2749,0.0057
F46749_SI,V,0.6867,0.471,0.347,0.2157,0.124
F4676_SI,M,0.7008,0.6939,0.2649,0.0069,0.429
F4676_SI,V,0.761,0.5658,0.2601,0.1952,0.3057
F46798_SI,M,0.7944,0.7991,0.7901,-0.0047,0.009
F46798_SI,V,0.8402,0.7866,0.7448,0.0536,0.0418
F46847_SI,M,0.9267,0.8205,0.7974,0.1062,0.0231
F46847_SI,V,0.9454,0.8214,0.7847,0.124,0.0367
F46859_SI,M,0.872,0.7579,0.7604,0.1141,-0.0025
F46859_SI,V,0.9512,0.8032,0.7846,0.148,0.0186
F47964_SI,M,0.8909,0.744,0.6,0.1469,0.144
F47964_SI,V,0.9007,0.7935,0.6932,0.1072,0.1003
F50554_SI,M,0.9662,0.8867,0.8286,0.0795,0.0581
F50554_SI,V,0.9495,0.8108,0.6642,0.1387,0.1466
F50586_SI,M,0.7999,0.642,0.5875,0.1579,0.0545
F50586_SI,V,0.8505,0.7039,0.7072,0.1466,-0.0033
F50887_SI,M,0.99,0.9613,-0.0226,0.0287,0.9839
F50887_SI,V,0.9937,0.959,0.2964,0.0347,0.6626
F5116_SI,M,0.8389,0.6503,0.6146,0.1886,0.0357
F5116_SI,V,0.8459,0.6365,0.6278,0.2094,0.0087
F51941_SI,M,0.7653,0.6973,0.7239,0.068,-0.0266
F51941_SI,V,0.857,0.8136,0.8271,0.0434,-0.0135
F51968_SI,M,0.7504,0.6531,0.696,0.0973,-0.0429
F51968_SI,V,0.9866,0.9065,0.9181,0.0801,-0.0116
F52025_SI,M,0.2791,0.3294,0.1551,-0.0503,0.1743
F52025_SI,V,0.4911,0.37,0.2784,0.1211,0.0916
F52522_SI,M,0.6879,0.434,0.2184,0.2539,0.2156
F52522_SI,V,0.5936,0.4295,0.1881,0.1641,0.2414
F53196_SI,M,0.626,0.5823,0.5117,0.0437,0.0706
F53196_SI,V,0.6933,0.6054,0.5092,0.0879,0.0962
F5339_SI,M,0.8677,0.7158,0.6182,0.1519,0.0976
F5339_SI,V,0.8793,0.7452,0.653,0.1341,0.0922
F5342_SI,M,0.7798,0.6185,0.6265,0.1613,-0.008
F5342_SI,V,0.8857,0.746,0.7339,0.1397,0.0121
F5354_SI,M,0.8972,0.7939,0.7921,0.1033,0.0018
F5354_SI,V,0.8339,0.6485,0.6439,0.1854,0.0046
F54118_SI,M,0.9663,0.8755,0.8843,0.0908,-0.0088
F54118_SI,V,0.8917,0.8002,0.8003,0.0915,-0.0001
F5420_SI,M,0.9165,0.843,0.832,0.0735,0.011
F5420_SI,V,0.8997,0.8481,0.8518,0.0516,-0.0037
F54998_SI,M,0.8027,0.6899,0.5275,0.1128,0.1624
F54998_SI,V,0.8306,0.7453,0.5341,0.0853,0.2112
F5504_SI,M,0.6075,0.153,0.1606,0.4545,-0.0076
F5504_SI,V,0.6436,0.2302,0.191,0.4134,0.0392
F5553_SI,M,0.9286,0.7649,0.7698,0.1637,-0.0049
F5553_SI,V,0.9164,0.7166,0.7186,0.1998,-0.002
F56071_SI,M,0.9156,0.8592,0.8496,0.0564,0.0096
F56071_SI,V,0.9524,0.848,0.8502,0.1044,-0.0022
F56208_SI,M,0.9581,0.9257,0.9168,0.0324,0.0089
F56208_SI,V,0.9503,0.9153,0.9016,0.035,0.0137
F56599_SI,M,0.9686,0.9548,0.9522,0.0138,0.0026
F56599_SI,V,0.9512,0.8953,0.897,0.0559,-0.0017
F56600_SI,M,0.9889,0.9804,0.9788,0.0085,0.0016
F56600_SI,V,0.9931,0.9789,0.9796,0.0142,-0.0007
F5664_SI,M,0.8575,0.6933,0.6301,0.1642,0.0632
F5664_SI,V,0.8451,0.6903,0.5673,0.1548,0.123
F5686_SI,M,0.8739,0.8169,0.7685,0.057,0.0484
F5686_SI,V,0.8268,0.797,0.7914,0.0298,0.0056
F57193_SI,M,0.5627,0.5226,0.537,0.0401,-0.0144
F57193_SI,V,0.4611,0.4173,0.436,0.0438,-0.0187
F5748_SI,M,0.8008,0.6261,0.5458,0.1747,0.0803
F5748_SI,V,0.7932,0.51,0.3289,0.2832,0.1811
F57762_SI,M,0.1833,0.2146,0.0831,-0.0313,0.1315
F57762_SI,V,0.3735,0.3081,0.3191,0.0654,-0.011
F57851_SI,M,0.7678,0.516,0.283,0.2518,0.233
F57851_SI,V,0.5896,0.5827,0.3982,0.0069,0.1845
F58432_SI,M,0.977,0.7478,0.6265,0.2292,0.1213
F58432_SI,V,0.9736,0.9396,0.9201,0.034,0.0195
F58609_SI,M,0.5319,0.4513,0.1561,0.0806,0.2952
F58609_SI,V,0.6398,0.6337,0.1635,0.0061,0.4702
F586_SI,M,0.9866,0.9794,0.9308,0.0072,0.0486
F586_SI,V,0.9783,0.9517,0.9438,0.0266,0.0079
F58728_SI,M,0.9054,0.8875,0.8692,0.0179,0.0183
F58728_SI,V,0.9338,0.8547,0.8505,0.0791,0.0042
F587_SI,M,0.7709,0.0463,0.0511,0.7246,-0.0048
F587_SI,V,0.5662,0.0247,0.0382,0.5415,-0.0135
F59014_SI,M,0.9372,0.8516,0.851,0.0856,0.0006
F59014_SI,V,0.9229,0.8692,0.881,0.0537,-0.0118
F59078_SI,M,0.8035,0.703,0.4193,0.1005,0.2837
F59078_SI,V,0.7941,0.7505,0.3562,0.0436,0.3943
F5987_SI,M,0.8295,0.76,0.7351,0.0695,0.0249
F5987_SI,V,0.8252,0.8118,0.7712,0.0134,0.0406
F60361_SI,M,0.7893,0.7802,0.0467,0.0091,0.7335
F60361_SI,V,0.7464,0.7532,0.2908,-0.0068,0.4624
F60648_SI,M,0.9241,0.8146,0.8168,0.1095,-0.0022
F60648_SI,V,0.8787,0.8474,0.8491,0.0313,-0.0017
F60652_SI,M,0.9241,0.8313,0.7101,0.0928,0.1212
F60652_SI,V,0.9571,0.8302,0.7272,0.1269,0.103
F61197_SI,M,0.7476,0.6656,0.6574,0.082,0.0082
F61197_SI,V,0.6654,0.5925,0.5383,0.0729,0.0542
F61307_SI,M,0.6297,0.5016,0.314,0.1281,0.1876
F61307_SI,V,0.8448,0.8126,0.467,0.0322,0.3456
F61516_SI,M,0.8624,0.723,0.6777,0.1394,0.0453
F61516_SI,V,0.82,0.5278,0.5151,0.2922,0.0127
F62031_SI,M,0.8336,0.2507,0.2538,0.5829,-0.0031
F62031_SI,V,0.8178,0.3555,0.3748,0.4623,-0.0193
F62063_SI,M,0.8939,0.8244,0.8164,0.0695,0.008
F62063_SI,V,0.5866,0.5419,0.5533,0.0447,-0.0114
F62114_SI,M,0.9849,0.9425,0.9422,0.0424,0.0003
F62114_SI,V,0.9654,0.9345,0.9304,0.0309,0.0041
F62123_SI,M,0.6803,0.6348,0.6184,0.0455,0.0164
F62123_SI,V,0.6995,0.6668,0.5123,0.0327,0.1545
F62223_SI,M,0.8333,0.7907,0.6787,0.0426,0.112
F62223_SI,V,0.9215,0.7967,0.7778,0.1248,0.0189
F62243_SI,M,0.6393,0.6355,-0.0129,0.0038,0.6484
F62243_SI,V,0.6698,0.6419,0.0743,0.0279,0.5676
F62299_SI,M,0.8774,0.6858,0.6358,0.1916,0.05
F62299_SI,V,0.9127,0.7007,0.7084,0.212,-0.0077
F62645_SI,M,0.9443,0.9201,0.8613,0.0242,0.0588
F62645_SI,V,0.9556,0.9259,0.8489,0.0297,0.077
F62750_SI,M,0.9251,0.9262,0.9067,-0.0011,0.0195
F62750_SI,V,0.9539,0.9506,0.9521,0.0033,-0.0015
F62758_SI,M,0.9871,0.853,0.8611,0.1341,-0.0081
F62758_SI,V,0.9793,0.8199,0.8299,0.1594,-0.01
F62997_SI,M,0.9177,0.9095,0.5283,0.0082,0.3812
F62997_SI,V,0.8327,0.7746,0.4411,0.0581,0.3335
F62998_SI,M,0.1533,0.0651,0.0961,0.0882,-0.031
F62998_SI,V,0.2481,0.0904,0.1174,0.1577,-0.027
F63025_SI,M,0.548,0.49,0.4238,0.058,0.0662
F63025_SI,V,0.4907,0.4059,0.4228,0.0848,-0.0169
F63047_SI,M,0.5325,0.477,0.4549,0.0555,0.0221
F63047_SI,V,0.6376,0.5139,0.4085,0.1237,0.1054
F631_SI,M,0.3636,0.3149,0.3098,0.0487,0.0051
F631_SI,V,0.3526,0.3053,0.2387,0.0473,0.0666
F63206_SI,M,0.5628,0.386,0.1479,0.1768,0.2381
F63206_SI,V,0.4995,0.2649,0.2401,0.2346,0.0248
F63396_SI,M,0.9855,0.9371,0.9389,0.0484,-0.0018
F63396_SI,V,0.9822,0.9367,0.9362,0.0455,0.0005
F63398_SI,M,0.9599,0.9586,0.9574,0.0013,0.0012
F63398_SI,V,0.9741,0.9659,0.9667,0.0082,-0.0008
F63472_SI,M,0.7755,0.7747,0.6022,0.0008,0.1725
F63472_SI,V,0.8114,0.8093,0.5791,0.0021,0.2302
F6392_SI,M,0.9103,0.8066,0.7079,0.1037,0.0987
F6392_SI,V,0.9171,0.8442,0.7571,0.0729,0.0871
F6468_SI,M,0.7387,0.622,0.4726,0.1167,0.1494
F6468_SI,V,0.6849,0.5414,0.434,0.1435,0.1074
F6574_SI,M,0.8859,0.605,0.5954,0.2809,0.0096
F6574_SI,V,0.7835,0.6859,0.6553,0.0976,0.0306
F6646_SI,M,0.7642,0.7688,0.5754,-0.0046,0.1934
F6646_SI,V,0.8264,0.8196,0.6224,0.0068,0.1972
F672_SI,M,0.966,0.8741,0.8453,0.0919,0.0288
F672_SI,V,0.9786,0.9082,0.8782,0.0704,0.03
F7060_SI,M,0.8623,0.6906,0.6249,0.1717,0.0657
F7060_SI,V,0.8918,0.6915,0.5867,0.2003,0.1048
F7113_SI,M,0.5625,0.2957,-0.0275,0.2668,0.3232
F7113_SI,V,0.5279,0.4027,0.0124,0.1252,0.3903
F7297_SI,M,0.9543,0.8432,0.8442,0.1111,-0.001
F7297_SI,V,0.9155,0.6976,0.6991,0.2179,-0.0015
F7345_SI,M,0.9549,0.7729,0.7711,0.182,0.0018
F7345_SI,V,0.9477,0.8451,0.8163,0.1026,0.0288
F738_SI,M,0.6232,0.357,0.3597,0.2662,-0.0027
F738_SI,V,0.818,0.5608,0.5135,0.2572,0.0473
F743_SI,M,0.8721,0.6948,0.4868,0.1773,0.208
F743_SI,V,0.8634,0.6128,0.5579,0.2506,0.0549
F7538_SI,M,0.6795,0.6243,0.5523,0.0552,0.072
F7538_SI,V,0.741,0.4011,0.3193,0.3399,0.0818
F7743_SI,M,0.0453,-0.0204,0.0002,0.0657,-0.0206
F7743_SI,V,0.1048,-0.0218,0.0002,0.1266,-0.022
F7992_SI,M,0.6459,0.6578,0.232,-0.0119,0.4258
F7992_SI,V,0.378,0.2814,0.1926,0.0966,0.0888
F931_SI,M,0.7343,0.6568,0.6564,0.0775,0.0004
F931_SI,V,0.8443,0.5704,0.5142,0.2739,0.0562
F9539_SI,M,0.5968,0.5198,0.5309,0.077,-0.0111
F9539_SI,V,0.7283,0.5432,0.5429,0.1851,0.0003
F9652_SI,M,0.7305,0.476,0.4959,0.2545,-0.0199
F9652_SI,V,0.7589,0.6247,0.5051,0.1342,0.1196
F968_SI,M,0.8912,0.7641,0.6505,0.1271,0.1136
F968_SI,V,0.8816,0.7591,0.5079,0.1225,0.2512
F975_SI,M,0.7035,0.5658,0.3068,0.1377,0.259
F975_SI,V,0.7869,0.57,0.3685,0.2169,0.2015
F9833_SI,M,0.7803,0.4373,0.3709,0.343,0.0664
F9833_SI,V,0.8076,0.4581,0.3789,0.3495,0.0792
F9836_SI,M,0.9729,0.9534,0.9499,0.0195,0.0035
F9836_SI,V,0.9653,0.9399,0.9392,0.0254,0.0007
S10141_SI,M,0.9508,0.9407,0.876,0.0101,0.0647
S10141_SI,V,0.9662,0.9467,0.9372,0.0195,0.0095
S10142_SI,M,0.8999,0.3869,0.4125,0.513,-0.0256
S10142_SI,V,0.8594,0.4407,0.4716,0.4187,-0.0309
S10190_SI,M,0.9408,0.777,0.7764,0.1638,0.0006
S10190_SI,V,0.9006,0.7704,0.776,0.1302,-0.0056
S10193_SI,M,0.9671,0.9441,0.486,0.023,0.4581
S10193_SI,V,0.9387,0.9166,0.9033,0.0221,0.0133
S10318_SI,M,0.9209,0.8612,-0.018,0.0597,0.8792
S10318_SI,V,0.9102,0.6967,0.1109,0.2135,0.5858
S10396_SI,M,0.8514,0.7845,0.7083,0.0669,0.0762
S10396_SI,V,0.8473,0.7506,0.7042,0.0967,0.0464
S10476_SI,M,0.8888,0.7772,0.6094,0.1116,0.1678
S10476_SI,V,0.9133,0.8213,0.6317,0.092,0.1896
S10481_SI,M,0.9653,0.5619,0.5298,0.4034,0.0321
S10481_SI,V,0.9786,0.4481,0.4503,0.5305,-0.0022
S10484_SI,M,0.9647,0.9258,0.9252,0.0389,0.0006
S10484_SI,V,0.8674,0.8349,0.8379,0.0325,-0.003
S10807_SI,M,0.9783,0.9309,0.2372,0.0474,0.6937
S10807_SI,V,0.9769,0.8602,0.2426,0.1167,0.6176
S11119_SI,M,0.9791,0.9171,0.9167,0.062,0.0004
S11119_SI,V,0.9806,0.9415,0.9334,0.0391,0.0081
S11125_SI,M,0.9967,0.9969,0.993,-0.0002,0.0039
S11125_SI,V,0.9443,0.9398,0.8031,0.0045,0.1367
S11514_SI,M,0.9939,0.994,0.9934,-0.0001,0.0006
S11514_SI,V,0.9023,0.8992,0.7413,0.0031,0.1579
S11736_SI,M,0.613,0.4746,0.3614,0.1384,0.1132
S11736_SI,V,0.7443,0.7036,0.6391,0.0407,0.0645
S11974_SI,M,0.9485,0.8749,0.8734,0.0736,0.0015
S11974_SI,V,0.9184,0.906,0.9022,0.0124,0.0038
S12111_SI,M,0.9571,0.8512,0.8569,0.1059,-0.0057
S12111_SI,V,0.9714,0.82,0.8278,0.1514,-0.0078
S12320_SI,M,0.9046,0.8753,0.8379,0.0293,0.0374
S12320_SI,V,0.9043,0.8085,0.811,0.0958,-0.0025
S12542_SI,M,0.9538,0.7428,0.7468,0.211,-0.004
S12542_SI,V,0.9766,0.8807,0.8725,0.0959,0.0082
S13372_SI,M,0.8236,0.8028,0.7957,0.0208,0.0071
S13372_SI,V,0.8872,0.8849,0.8849,0.0023,0
S13377_SI,M,0.5989,0.573,0.3436,0.0259,0.2294
S13377_SI,V,0.7529,0.7125,0.6372,0.0404,0.0753
S13378_SI,M,0.9711,0.8277,0.6461,0.1434,0.1816
S13378_SI,V,0.9822,0.834,0.781,0.1482,0.053
S13379_SI,M,0.9554,0.7639,0.7418,0.1915,0.0221
S13379_SI,V,0.9645,0.7546,0.724,0.2099,0.0306
S13382_SI,M,0.9704,0.9314,0.9134,0.039,0.018
S13382_SI,V,0.9655,0.8848,0.8813,0.0807,0.0035
S13383_SI,M,0.9932,0.99,0.9882,0.0032,0.0018
S13383_SI,V,0.9908,0.9875,0.986,0.0033,0.0015
S13410_SI,M,0.9822,0.8424,0.7805,0.1398,0.0619
S13410_SI,V,0.9876,0.9282,0.802,0.0594,0.1262
S13419_SI,M,0.9899,0.9899,-0.0097,0,0.9996
S13419_SI,V,0.9874,0.9876,0.0203,-0.0002,0.9673
S13487_SI,M,0.9217,0.6735,0.6522,0.2482,0.0213
S13487_SI,V,0.9627,0.7112,0.7133,0.2515,-0.0021
S1363_SI,M,0.9205,0.7891,0.7854,0.1314,0.0037
S1363_SI,V,0.8898,0.8029,0.7849,0.0869,0.018
S13664_SI,M,0.9526,0.7518,0.7593,0.2008,-0.0075
S13664_SI,V,0.9358,0.7331,0.7388,0.2027,-0.0057
S13709_SI,M,0.8726,0.8585,0.7104,0.0141,0.1481
S13709_SI,V,0.8016,0.7578,0.1672,0.0438,0.5906
S13790_SI,M,0.9888,0.9087,0.9073,0.0801,0.0014
S13790_SI,V,0.9765,0.8901,0.889,0.0864,0.0011
S13792_SI,M,0.883,0.8601,0.4315,0.0229,0.4286
S13792_SI,V,0.9875,0.9835,0.9719,0.004,0.0116
S13903_SI,M,0.5688,0.3082,0.3184,0.2606,-0.0102
S13903_SI,V,0.6879,0.5607,0.5674,0.1272,-0.0067
S14234_SI,M,0.9806,0.9459,0.9377,0.0347,0.0082
S14234_SI,V,0.9646,0.9317,0.9313,0.0329,0.0004
S14278_SI,M,0.8753,0.7748,0.777,0.1005,-0.0022
S14278_SI,V,0.9378,0.8511,0.8381,0.0867,0.013
S14279_SI,M,0.46,0.398,-0.0168,0.062,0.4148
S14279_SI,V,0.4901,0.4148,-0.0038,0.0753,0.4186
S14397_SI,M,0.9901,0.9532,0.6201,0.0369,0.3331
S14397_SI,V,0.9771,0.9506,0.689,0.0265,0.2616
S14405_SI,M,0.9412,0.7417,0.6866,0.1995,0.0551
S14405_SI,V,0.9605,0.8232,0.7756,0.1373,0.0476
S14816_SI,M,0.9981,0.9937,0.994,0.0044,-0.0003
S14816_SI,V,0.9975,0.9926,0.9912,0.0049,0.0014
S14909_SI,M,0.9994,0.9846,0.9338,0.0148,0.0508
S14909_SI,V,0.9999,0.9964,0.9429,0.0035,0.0535
S14910_SI,M,0.9239,0.8707,0.2401,0.0532,0.6306
S14910_SI,V,0.8398,0.8162,0.1473,0.0236,0.6689
S14911_SI,M,0.5055,0.5155,0.5465,-0.01,-0.031
S14911_SI,V,0.8184,0.7017,0.5022,0.1167,0.1995
S14912_SI,M,0.7063,0.7223,0.3512,-0.016,0.3711
S14912_SI,V,0.734,0.6865,0.1423,0.0475,0.5442
S14913_SI,M,0.7396,0.6687,0.6733,0.0709,-0.0046
S14913_SI,V,0.4682,0.4692,0.4965,-0.001,-0.0273
S14943_SI,M,0.7451,0.5518,0.5405,0.1933,0.0113
S14943_SI,V,0.7141,0.5651,0.5519,0.149,0.0132
S14945_SI,M,0.8926,0.7726,0.6909,0.12,0.0817
S14945_SI,V,0.9102,0.8083,0.8068,0.1019,0.0015
S15049_SI,M,0.653,0.4666,0.4714,0.1864,-0.0048
S15049_SI,V,0.7263,0.5539,0.552,0.1724,0.0019
S15131_SI,M,0.9128,0.7953,0.6651,0.1175,0.1302
S15131_SI,V,0.9069,0.7814,0.6694,0.1255,0.112
S15173_SI,M,0.896,0.8588,0.8522,0.0372,0.0066
S15173_SI,V,0.9265,0.8554,0.8416,0.0711,0.0138
S15337_SI,M,0.9273,0.8156,0.7917,0.1117,0.0239
S15337_SI,V,0.8994,0.7635,0.7578,0.1359,0.0057
S15492_SI,M,0.8695,0.4507,0.4119,0.4188,0.0388
S15492_SI,V,0.9185,0.457,0.4252,0.4615,0.0318
S15494_SI,M,0.8061,0.6585,0.6389,0.1476,0.0196
S15494_SI,V,0.9335,0.9061,0.8919,0.0274,0.0142
S15495_SI,M,0.8789,0.8806,0.8741,-0.0017,0.0065
S15495_SI,V,0.7603,0.7662,0.7717,-0.0059,-0.0055
S15496_SI,M,0.856,0.4272,0.3672,0.4288,0.06
S15496_SI,V,0.9321,0.5542,0.5269,0.3779,0.0273
S15628_SI,M,0.7868,0.7705,0.1354,0.0163,0.6351
S15628_SI,V,0.9758,0.9711,0.9013,0.0047,0.0698
S15751_SI,M,0.9911,0.6581,0.5643,0.333,0.0938
S15751_SI,V,0.9391,0.7748,0.6776,0.1643,0.0972
S15823_SI,M,0.2309,0.2323,0.2098,-0.0014,0.0225
S15823_SI,V,0.1803,0.1834,0.2026,-0.0031,-0.0192
S15903_SI,M,0.9342,0.8997,0.6581,0.0345,0.2416
S15903_SI,V,0.945,0.8735,0.5974,0.0715,0.2761
S15937_SI,M,0.9953,0.9539,0.9561,0.0414,-0.0022
S15937_SI,V,0.9978,0.993,0.993,0.0048,0
S15951_SI,M,0.9229,0.6716,0.5892,0.2513,0.0824
S15951_SI,V,0.9252,0.6775,0.5534,0.2477,0.1241
S16194_SI,M,0.9912,0.9262,0.9308,0.065,-0.0046
S16194_SI,V,0.9108,0.7744,0.773,0.1364,0.0014
S16395_SI,M,0.8785,0.8841,0.8893,-0.0056,-0.0052
S16395_SI,V,0.9813,0.9636,0.9365,0.0177,0.0271
S16433_SI,M,0.2473,-0.0639,-0.0089,0.3112,-0.055
S16433_SI,V,0.1247,0.1852,0.0552,-0.0605,0.13
S16435_SI,M,0.9973,0.9957,0.9914,0.0016,0.0043
S16435_SI,V,0.9972,0.9949,0.9941,0.0023,0.0008
S16436_SI,M,0.9766,0.9771,0.9758,-0.0005,0.0013
S16436_SI,V,0.9916,0.9888,0.9888,0.0028,0
S16437_SI,M,0.9799,0.8928,0.8908,0.0871,0.002
S16437_SI,V,0.9549,0.8729,0.8714,0.082,0.0015
S16608_SI,M,0.9615,0.9454,0.9435,0.0161,0.0019
S16608_SI,V,0.9638,0.9132,0.9161,0.0506,-0.0029
S16618_SI,M,0.7113,0.2606,-0.0977,0.4507,0.3583
S16618_SI,V,0.0801,0.1062,-0.0316,-0.0261,0.1378
S16619_SI,M,0.6955,0.5174,0.2571,0.1781,0.2603
S16619_SI,V,0.6603,0.6675,0.0641,-0.0072,0.6034
S16644_SI,M,0.9722,0.8988,0.901,0.0734,-0.0022
S16644_SI,V,0.9779,0.9114,0.9121,0.0665,-0.0007
S16847_SI,M,0.967,0.8756,0.8777,0.0914,-0.0021
S16847_SI,V,0.9578,0.884,0.8789,0.0738,0.0051
S17111_SI,M,0.9791,0.9601,0.9356,0.019,0.0245
S17111_SI,V,0.9889,0.9768,0.9741,0.0121,0.0027
S17326_SI,M,0.9781,0.9463,0.9478,0.0318,-0.0015
S17326_SI,V,0.9667,0.9335,0.918,0.0332,0.0155
S17393_SI,M,0.9344,0.8952,0.8953,0.0392,-0.0001
S17393_SI,V,0.9446,0.8789,0.8812,0.0657,-0.0023
S17414_SI,M,0.9952,0.8219,-0.0194,0.1733,0.8413
S17414_SI,V,0.9151,0.8909,0.2632,0.0242,0.6277
S17611_SI,M,-0.0716,-0.008,-0.0029,-0.0636,-0.0051
S17611_SI,V,-0.1457,-0.0865,-0.0241,-0.0592,-0.0624
S17612_SI,M,0.1066,0.1699,-0.0036,-0.0633,0.1735
S17612_SI,V,-0.079,-0.0178,-0.0123,-0.0612,-0.0055
S17629_SI,M,0.9196,0.8119,0.7416,0.1077,0.0703
S17629_SI,V,0.9291,0.7851,0.7264,0.144,0.0587
S17631_SI,M,0.9957,0.9723,0.9062,0.0234,0.0661
S17631_SI,V,0.9938,0.9687,0.8999,0.0251,0.0688
S1766_SI,M,0.5815,0.3706,0.3081,0.2109,0.0625
S1766_SI,V,0.7009,0.4476,0.3287,0.2533,0.1189
S17674_SI,M,0.8602,0.8567,0.8614,0.0035,-0.0047
S17674_SI,V,0.8419,0.8465,0.8504,-0.0046,-0.0039
S1768_SI,M,0.9904,0.9907,0.9894,-0.0003,0.0013
S1768_SI,V,0.9455,0.9403,0.1652,0.0052,0.7751
S1769_SI,M,0.9362,0.9138,0.7069,0.0224,0.2069
S1769_SI,V,0.941,0.9449,0.7694,-0.0039,0.1755
S17996_SI,M,0.678,0.5252,0.5279,0.1528,-0.0027
S17996_SI,V,0.7108,0.5516,0.5574,0.1592,-0.0058
S17997_SI,M,0.9541,0.8075,0.811,0.1466,-0.0035
S17997_SI,V,0.9288,0.8496,0.8469,0.0792,0.0027
S18089_SI,M,0.9859,0.9682,0.9692,0.0177,-0.001
S18089_SI,V,0.9912,0.97,0.9703,0.0212,-0.0003
S18091_SI,M,0.9947,0.9747,0.9746,0.02,0.0001
S18091_SI,V,0.996,0.9943,0.994,0.0017,0.0003
S18092_SI,M,0.9424,0.7852,0.7438,0.1572,0.0414
S18092_SI,V,0.942,0.8072,0.752,0.1348,0.0552
S18508_SI,M,0.4774,0.331,0.2159,0.1464,0.1151
S18508_SI,V,0.7974,0.1974,0.2257,0.6,-0.0283
S18551_SI,M,0.9812,0.9249,0.8919,0.0563,0.033
S18551_SI,V,0.965,0.9279,0.8759,0.0371,0.052
S18598_SI,M,0.9687,0.9694,0.97,-0.0007,-0.0006
S18598_SI,V,0.9309,0.9243,0.9235,0.0066,0.0008
S18628_SI,M,0.9865,0.9406,0.9246,0.0459,0.016
S18628_SI,V,0.9729,0.8782,0.8457,0.0947,0.0325
S18743_SI,M,0.9723,0.966,0.9557,0.0063,0.0103
S18743_SI,V,0.9759,0.9777,0.9689,-0.0018,0.0088
S18869_SI,M,0.9785,0.8954,0.8423,0.0831,0.0531
S18869_SI,V,0.9541,0.8647,0.7783,0.0894,0.0864
S18881_SI,M,0.9762,0.8905,0.8072,0.0857,0.0833
S18881_SI,V,0.9868,0.9455,0.926,0.0413,0.0195
S18882_SI,M,0.9553,0.7727,0.7775,0.1826,-0.0048
S18882_SI,V,0.9855,0.9213,0.9141,0.0642,0.0072
S18910_SI,M,0.9836,0.9829,0.9838,0.0007,-0.0009
S18910_SI,V,0.9921,0.983,0.9809,0.0091,0.0021
S19208_SI,M,0.9435,0.7078,0.7166,0.2357,-0.0088
S19208_SI,V,0.8967,0.6662,0.6756,0.2305,-0.0094
S19209_SI,M,0.7735,0.6305,0.5776,0.143,0.0529
S19209_SI,V,0.7392,0.6605,0.5101,0.0787,0.1504
S19351_SI,M,0.808,0.5166,0.4372,0.2914,0.0794
S19351_SI,V,0.8181,0.7166,0.402,0.1015,0.3146
S19475_SI,M,0.983,0.9469,0.858,0.0361,0.0889
S19475_SI,V,0.9798,0.93,0.6311,0.0498,0.2989
S19687_SI,M,0.8704,0.5335,0.5051,0.3369,0.0284
S19687_SI,V,0.8265,0.447,0.4186,0.3795,0.0284
S19952_SI,M,0.9703,0.9694,0.9623,0.0009,0.0071
S19952_SI,V,0.9863,0.9843,0.9843,0.002,0
S19987_SI,M,0.9335,0.8282,0.8125,0.1053,0.0157
S19987_SI,V,0.8979,0.7439,0.759,0.154,-0.0151
S20058_SI,M,0.1653,0.2272,0.2578,-0.0619,-0.0306
S20058_SI,V,0.7366,0.7568,0.7657,-0.0202,-0.0089
S20059_SI,M,0.1669,0.2513,0.2863,-0.0844,-0.035
S20059_SI,V,0.017,0.1117,0.2228,-0.0947,-0.1111
S2109_SI,M,0.4978,0.2969,0.3167,0.2009,-0.0198
S2109_SI,V,0.5927,0.3709,0.3871,0.2218,-0.0162
S2120_SI,M,0.9665,0.8086,0.7489,0.1579,0.0597
S2120_SI,V,0.9787,0.8975,0.8816,0.0812,0.0159
S2123_SI,M,0.8533,0.739,0.5841,0.1143,0.1549
S2123_SI,V,0.9183,0.6717,0.5381,0.2466,0.1336
S21256_SI,M,0.7648,0.7701,0.3184,-0.0053,0.4517
S21256_SI,V,0.8646,0.8675,0.2977,-0.0029,0.5698
S21257_SI,M,0.8783,0.7784,0.78,0.0999,-0.0016
S21257_SI,V,0.8953,0.8052,0.805,0.0901,0.0002
S21400_SI,M,0.9096,0.7129,0.7127,0.1967,0.0002
S21400_SI,V,0.8762,0.7131,0.7184,0.1631,-0.0053
S21937_SI,M,0.8483,0.8132,0.663,0.0351,0.1502
S21937_SI,V,0.9017,0.7943,0.593,0.1074,0.2013
S22123_SI,M,0.9567,0.729,0.7321,0.2277,-0.0031
S22123_SI,V,0.9672,0.752,0.7522,0.2152,-0.0002
S22212_SI,M,0.9789,0.8398,0.7979,0.1391,0.0419
S22212_SI,V,0.9713,0.8226,0.6525,0.1487,0.1701
S22261_SI,M,0.8216,0.4379,0.3241,0.3837,0.1138
S22261_SI,V,0.7515,0.4702,0.1657,0.2813,0.3045
S22384_SI,M,0.8969,0.7378,0.7452,0.1591,-0.0074
S22384_SI,V,0.9506,0.7741,0.7831,0.1765,-0.009
S22435_SI,M,0.882,0.6421,0.589,0.2399,0.0531
S22435_SI,V,0.87,0.7326,0.642,0.1374,0.0906
S22461_SI,M,0.9919,0.9617,0.9608,0.0302,0.0009
S22461_SI,V,0.9933,0.9663,0.9629,0.027,0.0034
S22487_SI,M,0.9805,0.9607,0.9603,0.0198,0.0004
S22487_SI,V,0.974,0.9371,0.9376,0.0369,-0.0005
S22494_SI,M,0.9954,0.9941,0.9939,0.0013,0.0002
S22494_SI,V,0.998,0.998,0.998,0,0
S22539_SI,M,0.8162,0.7922,0.6437,0.024,0.1485
S22539_SI,V,0.9818,0.979,0.9756,0.0028,0.0034
S22586_SI,M,0.9016,0.6429,0.5727,0.2587,0.0702
S22586_SI,V,0.8082,0.5656,0.5,0.2426,0.0656
S22619_SI,M,0.9263,0.7531,0.7607,0.1732,-0.0076
S22619_SI,V,0.9378,0.818,0.8228,0.1198,-0.0048
S22621_SI,M,0.9102,0.8826,0.8483,0.0276,0.0343
S22621_SI,V,0.9339,0.901,0.9043,0.0329,-0.0033
S22876_SI,M,0.9011,0.6741,0.6183,0.227,0.0558
S22876_SI,V,0.8598,0.6464,0.6175,0.2134,0.0289
S23022_SI,M,0.8978,0.6103,0.5397,0.2875,0.0706
S23022_SI,V,0.8784,0.6301,0.5768,0.2483,0.0533
S23025_SI,M,0.5747,0.502,0.4938,0.0727,0.0082
S23025_SI,V,0.5873,0.5447,0.5003,0.0426,0.0444
S23067_SI,M,0.926,0.8646,0.7514,0.0614,0.1132
S23067_SI,V,0.9392,0.898,0.8767,0.0412,0.0213
S23456_SI,M,0.9716,0.9668,0.9658,0.0048,0.001
S23456_SI,V,0.9911,0.9882,0.9886,0.0029,-0.0004
S23516_SI,M,0.1918,0.1457,0.1014,0.0461,0.0443
S23516_SI,V,0.32,0.2015,0.1843,0.1185,0.0172
S23517_SI,M,0.6986,0.2791,0.2906,0.4195,-0.0115
S23517_SI,V,0.5172,0.328,0.3304,0.1892,-0.0024
S23770_SI,M,0.5315,0.3007,0.2911,0.2308,0.0096
S23770_SI,V,0.5078,0.1016,0.1065,0.4062,-0.0049
S23771_SI,M,0.9459,0.8553,0.8614,0.0906,-0.0061
S23771_SI,V,0.9477,0.8808,0.8835,0.0669,-0.0027
S23787_SI,M,0.8784,0.6487,0.4045,0.2297,0.2442
S23787_SI,V,0.9,0.6411,0.44,0.2589,0.2011
S2380_SI,M,0.9576,0.7428,0.6536,0.2148,0.0892
S2380_SI,V,0.878,0.632,0.3894,0.246,0.2426
S23877_SI,M,0.9376,0.8377,0.8397,0.0999,-0.002
S23877_SI,V,0.8943,0.7927,0.797,0.1016,-0.0043
S23878_SI,M,0.8463,0.5602,0.5459,0.2861,0.0143
S23878_SI,V,0.9022,0.6227,0.5767,0.2795,0.046
S23879_SI,M,0.8595,0.6433,0.2522,0.2162,0.3911
S23879_SI,V,0.9643,0.8462,0.8278,0.1181,0.0184
S23880_SI,M,0.7161,0.4176,0.412,0.2985,0.0056
S23880_SI,V,0.5865,0.4667,0.4601,0.1198,0.0066
S23881_SI,M,0.6769,0.5653,0.5448,0.1116,0.0205
S23881_SI,V,0.9269,0.7598,0.7604,0.1671,-0.0006
S23882_SI,M,0.9734,0.8342,0.7564,0.1392,0.0778
S23882_SI,V,0.9615,0.7363,0.709,0.2252,0.0273
S2413_SI,M,0.9704,0.969,0.9643,0.0014,0.0047
S2413_SI,V,0.9723,0.9267,0.9098,0.0456,0.0169
S2414_SI,M,0.4228,0.2319,0.2207,0.1909,0.0112
S2414_SI,V,0.378,0.2716,0.271,0.1064,0.0006
S2415_SI,M,0.9691,0.8786,0.8732,0.0905,0.0054
S2415_SI,V,0.9628,0.8451,0.8322,0.1177,0.0129
S2416_SI,M,0.9797,0.9623,0.9102,0.0174,0.0521
S2416_SI,V,0.993,0.9472,0.9303,0.0458,0.0169
S24176_SI,M,0.4928,0.4023,0.3803,0.0905,0.022
S24176_SI,V,0.4564,0.3122,0.3367,0.1442,-0.0245
S24194_SI,M,0.9557,0.9072,0.9072,0.0485,0
S24194_SI,V,0.9559,0.8803,0.8847,0.0756,-0.0044
S24617_SI,M,-0.0266,-0.0071,0.0194,-0.0195,-0.0265
S24617_SI,V,-0.0368,-0.0126,0.0197,-0.0242,-0.0323
S24618_SI,M,0.8933,0.7524,0.7535,0.1409,-0.0011
S24618_SI,V,0.8998,0.7776,0.7833,0.1222,-0.0057
S24697_SI,M,0.9811,0.9206,0.8731,0.0605,0.0475
S24697_SI,V,0.9553,0.9522,0.7167,0.0031,0.2355
S24705_SI,M,0.9744,0.9728,0.9458,0.0016,0.027
S24705_SI,V,0.975,0.9714,0.9631,0.0036,0.0083
S24709_SI,M,0.7627,0.7047,0.696,0.058,0.0087
S24709_SI,V,0.8888,0.7929,0.7572,0.0959,0.0357
S24724_SI,M,0.9949,0.9804,0.9815,0.0145,-0.0011
S24724_SI,V,0.9695,0.9628,0.9532,0.0067,0.0096
S2473_SI,M,0.9887,0.8446,0.6525,0.1441,0.1921
S2473_SI,V,0.7903,0.8172,0.5799,-0.0269,0.2373
S2476_SI,M,0.993,0.9865,0.9845,0.0065,0.002
S2476_SI,V,0.991,0.9854,0.9833,0.0056,0.0021
S25264_SI,M,0.6887,0.5575,0.2826,0.1312,0.2749
S25264_SI,V,0.7404,0.5659,0.3882,0.1745,0.1777
S25266_SI,M,0.9669,0.9594,0.8021,0.0075,0.1573
S25266_SI,V,0.9388,0.9258,0.646,0.013,0.2798
S25280_SI,M,0.8264,0.8088,0.8125,0.0176,-0.0037
S25280_SI,V,0.9762,0.9568,0.9269,0.0194,0.0299
S25305_SI,M,0.984,0.8338,0.732,0.1502,0.1018
S25305_SI,V,0.9656,0.7833,0.7249,0.1823,0.0584
S25529_SI,M,0.9232,0.7106,0.4899,0.2126,0.2207
S25529_SI,V,0.9237,0.6829,0.2816,0.2408,0.4013
S25536_SI,M,0.9624,0.8667,0.5141,0.0957,0.3526
S25536_SI,V,0.9813,0.7541,0.6881,0.2272,0.066
S25537_SI,M,0.915,0.7751,0.2878,0.1399,0.4873
S25537_SI,V,0.8415,0.746,0.1787,0.0955,0.5673
S25666_SI,M,0.828,0.6794,0.63,0.1486,0.0494
S25666_SI,V,0.8473,0.7025,0.6744,0.1448,0.0281
S25667_SI,M,0.7786,0.7622,0.7644,0.0164,-0.0022
S25667_SI,V,0.7459,0.724,0.6281,0.0219,0.0959
S25731_SI,M,0.6185,0.3142,0.2625,0.3043,0.0517
S25731_SI,V,0.6026,0.3606,0.3098,0.242,0.0508
S25754_SI,M,0.6522,0.5389,0.4546,0.1133,0.0843
S25754_SI,V,0.6152,0.5465,0.5,0.0687,0.0465
S25785_SI,M,0.9804,0.9643,0.9534,0.0161,0.0109
S25785_SI,V,0.9784,0.9342,0.9163,0.0442,0.0179
S25923_SI,M,0.8573,0.6151,0.4539,0.2422,0.1612
S25923_SI,V,0.7745,0.4677,0.3914,0.3068,0.0763
S25963_SI,M,0.7935,0.6636,0.5897,0.1299,0.0739
S25963_SI,V,0.9367,0.6649,0.6522,0.2718,0.0127
S26218_SI,M,0.9528,0.8436,0.7992,0.1092,0.0444
S26218_SI,V,0.935,0.8235,0.8191,0.1115,0.0044
S26227_SI,M,0.7608,0.6038,0.2965,0.157,0.3073
S26227_SI,V,0.8277,0.643,0.644,0.1847,-0.001
S26308_SI,M,0.9821,0.9064,0.905,0.0757,0.0014
S26308_SI,V,0.9678,0.8687,0.8055,0.0991,0.0632
S2630_SI,M,0.9615,0.864,0.8684,0.0975,-0.0044
S2630_SI,V,0.9589,0.8197,0.8199,0.1392,-0.0002
S26325_SI,M,0.9134,0.8237,0.7084,0.0897,0.1153
S26325_SI,V,0.9037,0.8058,0.7676,0.0979,0.0382
S26328_SI,M,0.8372,0.6853,0.5745,0.1519,0.1108
S26328_SI,V,0.7811,0.7283,0.5819,0.0528,0.1464
S26340_SI,M,0.6329,0.2908,0.2466,0.3421,0.0442
S26340_SI,V,0.8598,0.2662,0.2124,0.5936,0.0538
S26384_SI,M,0.3557,0.0187,0.0155,0.337,0.0032
S26384_SI,V,0.2161,0.0253,0.015,0.1908,0.0103
S26385_SI,M,0.9621,0.758,0.23,0.2041,0.528
S26385_SI,V,0.9766,0.816,0.2339,0.1606,0.5821
S26386_SI,M,0.3561,0.1989,0.2174,0.1572,-0.0185
S26386_SI,V,0.4528,0.2661,0.2821,0.1867,-0.016
S26546_SI,M,0.7514,0.5992,0.5504,0.1522,0.0488
S26546_SI,V,0.648,0.5082,0.4746,0.1398,0.0336
S26571_SI,M,0.9101,0.6856,0.7043,0.2245,-0.0187
S26571_SI,V,0.7302,0.6082,0.6278,0.122,-0.0196
S26631_SI,M,0.9392,0.8415,0.8382,0.0977,0.0033
S26631_SI,V,0.9285,0.8148,0.8101,0.1137,0.0047
S26660_SI,M,0.9476,0.8743,0.8689,0.0733,0.0054
S26660_SI,V,0.914,0.7963,0.7961,0.1177,0.0002
S26666_SI,M,0.913,0.8415,0.7759,0.0715,0.0656
S26666_SI,V,0.8981,0.8788,0.737,0.0193,0.1418
S26689_SI,M,0.9556,0.9198,0.9212,0.0358,-0.0014
S26689_SI,V,0.9685,0.9573,0.9138,0.0112,0.0435
S26762_SI,M,0.9794,0.9269,0.7979,0.0525,0.129
S26762_SI,V,0.9811,0.9274,0.9294,0.0537,-0.002
S26777_SI,M,0.6901,0.5483,0.5093,0.1418,0.039
S26777_SI,V,0.9543,0.9458,0.9123,0.0085,0.0335
S26797_SI,M,0.8996,0.7375,0.6738,0.1621,0.0637
S26797_SI,V,0.915,0.7596,0.6959,0.1554,0.0637
S26810_SI,M,0.9238,0.6792,0.6827,0.2446,-0.0035
S26810_SI,V,0.9678,0.8055,0.8102,0.1623,-0.0047
S26811_SI,M,0.6539,0.4649,0.4571,0.189,0.0078
S26811_SI,V,0.6164,0.4683,0.4175,0.1481,0.0508
S26818_SI,M,0.9102,0.8424,0.847,0.0678,-0.0046
S26818_SI,V,0.9174,0.8606,0.8577,0.0568,0.0029
S26840_SI,M,0.7941,0.6733,0.541,0.1208,0.1323
S26840_SI,V,0.832,0.754,0.6974,0.078,0.0566
S26844_SI,M,0.6387,0.338,0.3524,0.3007,-0.0144
S26844_SI,V,0.1801,0.1979,0.2325,-0.0178,-0.0346
S26845_SI,M,0.9964,0.9963,0.9914,0.0001,0.0049
S26845_SI,V,0.9929,0.9909,0.9898,0.002,0.0011
S26905_SI,M,0.8784,0.6629,0.5911,0.2155,0.0718
S26905_SI,V,0.8823,0.6721,0.5097,0.2102,0.1624
S26953_SI,M,0.0489,0.0584,0.0825,-0.0095,-0.0241
S26953_SI,V,0.0589,0.0604,0.0832,-0.0015,-0.0228
S27009_SI,M,0.7782,0.7801,0.3616,-0.0019,0.4185
S27009_SI,V,0.6878,0.6979,0.2424,-0.0101,0.4555
S27045_SI,M,0.6928,0.5325,0.5315,0.1603,0.001
S27045_SI,V,0.7659,0.612,0.5984,0.1539,0.0136
S27046_SI,M,0.8927,0.8601,0.8409,0.0326,0.0192
S27046_SI,V,0.967,0.8936,0.8899,0.0734,0.0037
S27087_SI,M,0.9837,0.9077,0.9067,0.076,0.001
S27087_SI,V,0.9769,0.9329,0.9309,0.044,0.002
S27091_SI,M,0.9359,0.8072,0.8087,0.1287,-0.0015
S27091_SI,V,0.9116,0.7827,0.7863,0.1289,-0.0036
S27124_SI,M,0.9256,0.8334,0.841,0.0922,-0.0076
S27124_SI,V,0.9419,0.8372,0.8451,0.1047,-0.0079
S2713_SI,M,0.7095,0.2972,0.3159,0.4123,-0.0187
S2713_SI,V,0.9023,0.3679,0.3501,0.5344,0.0178
S27140_SI,M,0.8615,0.7801,0.4092,0.0814,0.3709
S27140_SI,V,0.9353,0.7421,0.6041,0.1932,0.138
S27141_SI,M,0.9929,0.8746,0.8323,0.1183,0.0423
S27141_SI,V,0.9825,0.695,0.7365,0.2875,-0.0415
S27158_SI,M,0.985,0.9609,0.9615,0.0241,-0.0006
S27158_SI,V,0.9938,0.9844,0.9804,0.0094,0.004
S27163_SI,M,0.8044,0.6467,0.655,0.1577,-0.0083
S27163_SI,V,0.8293,0.6463,0.6478,0.183,-0.0015
S27193_SI,M,0.9824,0.9576,0.9408,0.0248,0.0168
S27193_SI,V,0.967,0.9617,0.9626,0.0053,-0.0009
S27421_SI,M,0.4123,0.2756,0.2029,0.1367,0.0727
S27421_SI,V,0.5281,0.4146,0.3659,0.1135,0.0487
S27465_SI,M,0.8526,0.5564,0.4286,0.2962,0.1278
S27465_SI,V,0.8379,0.5157,0.3937,0.3222,0.122
S27596_SI,M,0.7604,0.5145,0.5449,0.2459,-0.0304
S27596_SI,V,0.8256,0.4405,0.3815,0.3851,0.059
S27620_SI,M,0.9385,0.8761,0.8293,0.0624,0.0468
S27620_SI,V,0.9452,0.826,0.7833,0.1192,0.0427
S27838_SI,M,0.9265,0.9086,0.9067,0.0179,0.0019
S27838_SI,V,0.9533,0.8947,0.8971,0.0586,-0.0024
S2785_SI,M,0.8673,0.6775,0.6554,0.1898,0.0221
S2785_SI,V,0.934,0.7347,0.7122,0.1993,0.0225
S28153_SI,M,0.9412,0.7929,0.7739,0.1483,0.019
S28153_SI,V,0.9314,0.8104,0.7977,0.121,0.0127
S28200_SI,M,0.6783,0.4698,0.4921,0.2085,-0.0223
S28200_SI,V,0.8688,0.4133,0.4039,0.4555,0.0094
S28204_SI,M,0.2511,0.2141,0.2386,0.037,-0.0245
S28204_SI,V,0.284,0.2438,0.2752,0.0402,-0.0314
S28205_SI,M,0.9068,0.772,0.6803,0.1348,0.0917
S28205_SI,V,0.7207,0.5729,0.5663,0.1478,0.0066
S28206_SI,M,0.1119,0.0801,0.0988,0.0318,-0.0187
S28206_SI,V,0.0992,0.0717,0.0916,0.0275,-0.0199
S28207_SI,M,0.5624,0.3247,0.2618,0.2377,0.0629
S28207_SI,V,0.5356,0.3984,0.2244,0.1372,0.174
S28686_SI,M,0.9962,0.9899,0.987,0.0063,0.0029
S28686_SI,V,0.9951,0.9804,0.9603,0.0147,0.0201
S2879_SI,M,0.9558,0.8774,0.8226,0.0784,0.0548
S2879_SI,V,0.8683,0.8439,0.7313,0.0244,0.1126
S28819_SI,M,0.7418,0.6345,0.432,0.1073,0.2025
S28819_SI,V,0.6508,0.6211,0.1311,0.0297,0.49
S28938_SI,M,0.6386,0.4058,0.164,0.2328,0.2418
S28938_SI,V,0.4446,0.3753,0.3014,0.0693,0.0739
S29009_SI,M,0.7544,0.6019,0.4878,0.1525,0.1141
S29009_SI,V,0.7964,0.6392,0.5118,0.1572,0.1274
S29118_SI,M,0.9863,0.9843,0.9112,0.002,0.0731
S29118_SI,V,0.9419,0.9189,0.794,0.023,0.1249
S29177_SI,M,0.8474,0.8474,-0.0104,0,0.8578
S29177_SI,V,0.6859,0.6931,-0.0238,-0.0072,0.7169
S29178_SI,M,0.733,0.6531,0.4385,0.0799,0.2146
S29178_SI,V,0.7869,0.7088,0.3956,0.0781,0.3132
S29180_SI,M,0.9955,0.9579,0.9594,0.0376,-0.0015
S29180_SI,V,0.9891,0.9798,0.9789,0.0093,0.0009
S29467_SI,M,0.5963,0.459,0.4389,0.1373,0.0201
S29467_SI,V,0.5886,0.3725,0.3955,0.2161,-0.023
S30060_SI,M,0.9559,0.8329,0.8405,0.123,-0.0076
S30060_SI,V,0.975,0.8088,0.8173,0.1662,-0.0085
S30080_SI,M,0.4158,0.3813,0.2369,0.0345,0.1444
S30080_SI,V,0.508,0.4305,0.3367,0.0775,0.0938
S30112_SI,M,0.642,0.6541,0.5398,-0.0121,0.1143
S30112_SI,V,0.6643,0.6735,0.531,-0.0092,0.1425
S30392_SI,M,0.9201,0.7209,0.7175,0.1992,0.0034
S30392_SI,V,0.9319,0.6302,0.6435,0.3017,-0.0133
S30483_SI,M,0.952,0.9095,0.8942,0.0425,0.0153
S30483_SI,V,0.9844,0.9761,0.9718,0.0083,0.0043
S31196_SI,M,0.7986,0.8062,-0.0363,-0.0076,0.8425
S31196_SI,V,0.9109,0.8848,0.1963,0.0261,0.6885
S31242_SI,M,0.8949,0.8139,0.6916,0.081,0.1223
S31242_SI,V,0.9198,0.8639,0.8692,0.0559,-0.0053
S31869_SI,M,0.2245,-0.0173,0.1097,0.2418,-0.127
S31869_SI,V,0.434,0.0351,0.1495,0.3989,-0.1144
S32336_SI,M,0.9902,0.9864,0.9752,0.0038,0.0112
S32336_SI,V,0.9948,0.9882,0.9798,0.0066,0.0084
S32337_SI,M,0.9862,0.9803,0.9753,0.0059,0.005
S32337_SI,V,0.9878,0.9859,0.9702,0.0019,0.0157
S33244_SI,M,0.8506,0.7451,0.7206,0.1055,0.0245
S33244_SI,V,0.9251,0.8509,0.766,0.0742,0.0849
S3326_SI,M,0.8272,0.7119,0.5931,0.1153,0.1188
S3326_SI,V,0.8432,0.818,0.6858,0.0252,0.1322
S3327_SI,M,0.7712,0.4764,0.3479,0.2948,0.1285
S3327_SI,V,0.6443,0.3749,0.316,0.2694,0.0589
S3360_SI,M,0.9818,0.9802,0.9749,0.0016,0.0053
S3360_SI,V,0.9869,0.9839,0.9841,0.003,-0.0002
S34278_SI,M,0.9748,0.9592,0.9587,0.0156,0.0005
S34278_SI,V,0.9777,0.966,0.9668,0.0117,-0.0008
S3434_SI,M,0.9836,0.9708,0.9704,0.0128,0.0004
S3434_SI,V,0.9846,0.9733,0.967,0.0113,0.0063
S35195_SI,M,0.8654,0.7167,0.647,0.1487,0.0697
S35195_SI,V,0.8512,0.743,0.7141,0.1082,0.0289
S35197_SI,M,0.7186,0.7301,0.7397,-0.0115,-0.0096
S35197_SI,V,0.6555,0.6842,0.6765,-0.0287,0.0077
S35198_SI,M,0.888,0.8909,0.7334,-0.0029,0.1575
S35198_SI,V,0.9468,0.9482,0.8591,-0.0014,0.0891
S35273_SI,M,0.6324,0.4493,0.4501,0.1831,-0.0008
S35273_SI,V,0.9089,0.727,0.7099,0.1819,0.0171
S35438_SI,M,0.386,0.4406,0.1983,-0.0546,0.2423
S35438_SI,V,0.6311,0.6614,0.3201,-0.0303,0.3413
S35608_SI,M,0.9802,0.9521,0.953,0.0281,-0.0009
S35608_SI,V,0.9835,0.9558,0.9485,0.0277,0.0073
S35609_SI,M,0.9863,0.9578,0.9571,0.0285,0.0007
S35609_SI,V,0.8905,0.8929,0.7626,-0.0024,0.1303
S35610_SI,M,0.8755,0.8332,0.8024,0.0423,0.0308
S35610_SI,V,0.8849,0.8715,0.8759,0.0134,-0.0044
S35644_SI,M,0.8673,0.7177,0.7147,0.1496,0.003
S35644_SI,V,0.8865,0.8201,0.8197,0.0664,0.0004
S3602_SI,M,0.9587,0.9582,0.9444,0.0005,0.0138
S3602_SI,V,0.9653,0.9623,0.9619,0.003,0.0004
S36158_SI,M,0.936,0.7744,0.781,0.1616,-0.0066
S36158_SI,V,0.9524,0.8895,0.8838,0.0629,0.0057
S36162_SI,M,0.8767,0.6303,0.6019,0.2464,0.0284
S36162_SI,V,0.9783,0.9249,0.9215,0.0534,0.0034
S36452_SI,M,0.9787,0.8663,0.8403,0.1124,0.026
S36452_SI,V,0.9704,0.872,0.8158,0.0984,0.0562
S36456_SI,M,0.9283,0.6057,0.5919,0.3226,0.0138
S36456_SI,V,0.8819,0.6444,0.6145,0.2375,0.0299
S36492_SI,M,0.9061,0.7323,0.7229,0.1738,0.0094
S36492_SI,V,0.9184,0.7411,0.7314,0.1773,0.0097
S3699_SI,M,0.953,0.8665,0.537,0.0865,0.3295
S3699_SI,V,0.9516,0.8606,0.5406,0.091,0.32
S37441_SI,M,0.9922,0.914,0.6796,0.0782,0.2344
S37441_SI,V,0.9822,0.8762,0.5718,0.106,0.3044
S37443_SI,M,0.9931,0.9709,0.9235,0.0222,0.0474
S37443_SI,V,0.9898,0.9851,0.9862,0.0047,-0.0011
S37551_SI,M,0.9878,0.9713,0.9555,0.0165,0.0158
S37551_SI,V,0.9841,0.9821,0.9673,0.002,0.0148
S37751_SI,M,0.2759,0.1264,0.1431,0.1495,-0.0167
S37751_SI,V,0.6727,0.516,0.2795,0.1567,0.2365
S37756_SI,M,0.9906,0.9898,0.9726,0.0008,0.0172
S37756_SI,V,0.9942,0.992,0.9915,0.0022,0.0005
S37758_SI,M,0.9659,0.91,0.8773,0.0559,0.0327
S37758_SI,V,0.9799,0.8494,0.8444,0.1305,0.005
S37763_SI,M,0.3551,0.2572,0.2696,0.0979,-0.0124
S37763_SI,V,0.4879,0.3561,0.3261,0.1318,0.03
S37764_SI,M,0.9226,0.554,0.5533,0.3686,0.0007
S37764_SI,V,0.9485,0.6329,0.637,0.3156,-0.0041
S37765_SI,M,0.7978,0.6999,0.647,0.0979,0.0529
S37765_SI,V,0.7911,0.7061,0.634,0.085,0.0721
S37783_SI,M,0.977,0.9762,0.9732,0.0008,0.003
S37783_SI,V,0.9843,0.9689,0.9679,0.0154,0.001
S37789_SI,M,0.9474,0.8654,0.7464,0.082,0.119
S37789_SI,V,0.972,0.8767,0.8629,0.0953,0.0138
S37948_SI,M,0.9418,0.7853,0.7674,0.1565,0.0179
S37948_SI,V,0.9219,0.7369,0.654,0.185,0.0829
S38035_SI,M,0.9827,0.8406,0.8063,0.1421,0.0343
S38035_SI,V,0.9804,0.8212,0.8156,0.1592,0.0056
S38036_SI,M,0.9291,0.7181,0.724,0.211,-0.0059
S38036_SI,V,0.9364,0.7197,0.726,0.2167,-0.0063
S38039_SI,M,0.8805,0.7326,0.7412,0.1479,-0.0086
S38039_SI,V,0.9713,0.8237,0.8084,0.1476,0.0153
S38069_SI,M,0.9317,0.7437,0.7127,0.188,0.031
S38069_SI,V,0.8721,0.721,0.6691,0.1511,0.0519
S38084_SI,M,0.9487,0.8347,0.8181,0.114,0.0166
S38084_SI,V,0.9238,0.8053,0.758,0.1185,0.0473
S38089_SI,M,0.9911,0.9737,0.968,0.0174,0.0057
S38089_SI,V,0.9928,0.9691,0.8799,0.0237,0.0892
S38092_SI,M,0.9843,0.9632,0.9649,0.0211,-0.0017
S38092_SI,V,0.9947,0.9848,0.982,0.0099,0.0028
S38378_SI,M,0.9726,0.9573,0.9575,0.0153,-0.0002
S38378_SI,V,0.9748,0.9413,0.9436,0.0335,-0.0023
S38566_SI,M,0.9057,0.8339,0.8322,0.0718,0.0017
S38566_SI,V,0.9232,0.8491,0.8378,0.0741,0.0113
S38687_SI,M,0.729,0.2552,0.2748,0.4738,-0.0196
S38687_SI,V,0.8597,0.2581,0.2405,0.6016,0.0176
S38912_SI,M,0.7744,0.6844,0.6906,0.09,-0.0062
S38912_SI,V,0.8748,0.8047,0.7857,0.0701,0.019
S38917_SI,M,0.6486,0.5255,0.5044,0.1231,0.0211
S38917_SI,V,0.653,0.5372,0.4626,0.1158,0.0746
S38996_SI,M,0.9841,0.9293,0.9322,0.0548,-0.0029
S38996_SI,V,0.9618,0.9405,0.9384,0.0213,0.0021
S39000_SI,M,0.1645,0.0732,0.0803,0.0913,-0.0071
S39000_SI,V,0.1068,0.0651,0.1004,0.0417,-0.0353
S39001_SI,M,0.967,0.9622,0.9356,0.0048,0.0266
S39001_SI,V,0.9657,0.9401,0.9066,0.0256,0.0335
S39110_SI,M,0.864,0.7649,0.7497,0.0991,0.0152
S39110_SI,V,0.9243,0.7459,0.69,0.1784,0.0559
S39113_SI,M,0.8467,0.6645,0.6719,0.1822,-0.0074
S39113_SI,V,0.9718,0.8836,0.8592,0.0882,0.0244
S39292_SI,M,0.9563,0.9569,0.2461,-0.0006,0.7108
S39292_SI,V,0.9883,0.9864,0.4808,0.0019,0.5056
S39377_SI,M,0.9583,0.9531,0.9532,0.0052,-0.0001
S39377_SI,V,0.9647,0.956,0.9503,0.0087,0.0057
S39378_SI,M,0.8812,0.6865,0.6093,0.1947,0.0772
S39378_SI,V,0.8314,0.5973,0.3893,0.2341,0.208
S39379_SI,M,0.629,0.5197,0.5143,0.1093,0.0054
S39379_SI,V,0.4956,0.3175,0.3115,0.1781,0.006
S39380_SI,M,0.71,0.7185,0.6648,-0.0085,0.0537
S39380_SI,V,0.9328,0.9301,0.9205,0.0027,0.0096
S39381_SI,M,0.7099,0.6185,0.5435,0.0914,0.075
S39381_SI,V,0.6932,0.6415,0.5433,0.0517,0.0982
S39531_SI,M,0.8479,0.8214,0.8245,0.0265,-0.0031
S39531_SI,V,0.8512,0.8055,0.8064,0.0457,-0.0009
S39826_SI,M,0.8761,0.8771,0.8798,-0.001,-0.0027
S39826_SI,V,0.9697,0.96,0.96,0.0097,0
S39906_SI,M,0.8749,0.8322,0.8119,0.0427,0.0203
S39906_SI,V,0.8723,0.8627,0.828,0.0096,0.0347
S40128_SI,M,0.6133,0.3991,0.4289,0.2142,-0.0298
S40128_SI,V,0.427,0.4206,0.2559,0.0064,0.1647
S40159_SI,M,0.6358,0.4081,0.4251,0.2277,-0.017
S40159_SI,V,0.6621,0.4481,0.4607,0.214,-0.0126
S40169_SI,M,0.7064,0.6329,0.2412,0.0735,0.3917
S40169_SI,V,0.7575,0.6219,0.3898,0.1356,0.2321
S40228_SI,M,0.8668,0.7359,0.7417,0.1309,-0.0058
S40228_SI,V,0.9684,0.8616,0.8483,0.1068,0.0133
S40323_SI,M,0.8828,0.7609,0.3205,0.1219,0.4404
S40323_SI,V,0.8239,0.8085,0.8082,0.0154,0.0003
S40449_SI,M,0.9926,0.8296,0.6908,0.163,0.1388
S40449_SI,V,0.9881,0.9879,0.9797,0.0002,0.0082
S40456_SI,M,0.7826,0.7625,0.7646,0.0201,-0.0021
S40456_SI,V,0.7302,0.6717,0.6828,0.0585,-0.0111
S40457_SI,M,0.4432,0.4541,0.1571,-0.0109,0.297
S40457_SI,V,0.4328,0.4463,0.318,-0.0135,0.1283
S40458_SI,M,0.5233,0.3582,0.3501,0.1651,0.0081
S40458_SI,V,0.3921,0.2865,0.2647,0.1056,0.0218
S40461_SI,M,0.8901,0.7405,0.6396,0.1496,0.1009
S40461_SI,V,0.862,0.6955,0.5416,0.1665,0.1539
S40470_SI,M,0.9485,0.752,0.5373,0.1965,0.2147
S40470_SI,V,0.5879,0.5468,0.421,0.0411,0.1258
S40497_SI,M,0.958,0.9489,0.9348,0.0091,0.0141
S40497_SI,V,0.9816,0.9601,0.9596,0.0215,0.0005
S40500_SI,M,0.8342,0.7069,0.373,0.1273,0.3339
S40500_SI,V,0.8579,0.7,0.4208,0.1579,0.2792
S40529_SI,M,0.9123,0.8102,0.8073,0.1021,0.0029
S40529_SI,V,0.886,0.773,0.7663,0.113,0.0067
S40546_SI,M,0.9839,0.9227,0.8983,0.0612,0.0244
S40546_SI,V,0.9934,0.9434,0.9142,0.05,0.0292
S40627_SI,M,0.7119,0.6768,0.6726,0.0351,0.0042
S40627_SI,V,0.6047,0.5651,0.5491,0.0396,0.016
S40668_SI,M,0.9908,0.9912,0.9907,-0.0004,0.0005
S40668_SI,V,0.9732,0.9357,0.9377,0.0375,-0.002
S40715_SI,M,0.9613,0.7712,0.7212,0.1901,0.05
S40715_SI,V,0.9645,0.7715,0.7816,0.193,-0.0101
S41007_SI,M,0.8914,0.7648,0.7594,0.1266,0.0054
S41007_SI,V,0.8882,0.7429,0.7444,0.1453,-0.0015
S41107_SI,M,0.997,0.8313,0.8704,0.1657,-0.0391
S41107_SI,V,0.9873,0.7802,0.7913,0.2071,-0.0111
S41112_SI,M,0.7541,0.7004,0.4672,0.0537,0.2332
S41112_SI,V,0.7387,0.6859,0.4535,0.0528,0.2324
S41113_SI,M,0.6058,0.1739,0.1959,0.4319,-0.022
S41113_SI,V,0.6977,0.2154,0.2524,0.4823,-0.037
S41237_SI,M,0.8621,0.777,0.7555,0.0851,0.0215
S41237_SI,V,0.8325,0.7167,0.7051,0.1158,0.0116
S41488_SI,M,0.7732,0.2967,0.2569,0.4765,0.0398
S41488_SI,V,0.8091,0.3617,0.335,0.4474,0.0267
S41710_SI,M,0.9543,0.8325,0.7383,0.1218,0.0942
S41710_SI,V,0.9566,0.851,0.7877,0.1056,0.0633
S41780_SI,M,0.8976,0.8123,0.8162,0.0853,-0.0039
S41780_SI,V,0.9546,0.9346,0.9232,0.02,0.0114
S41943_SI,M,0.9346,0.8468,0.8073,0.0878,0.0395
S41943_SI,V,0.9153,0.8203,0.7719,0.095,0.0484
S4196_SI,M,0.9573,0.8986,0.9,0.0587,-0.0014
S4196_SI,V,0.8255,0.7581,0.7676,0.0674,-0.0095
S4197_SI,M,0.7072,0.5885,0.5938,0.1187,-0.0053
S4197_SI,V,0.7955,0.6849,0.6899,0.1106,-0.005
S4198_SI,M,0.5172,0.5008,0.4481,0.0164,0.0527
S4198_SI,V,0.4566,0.4545,0.2273,0.0021,0.2272
S4199_SI,M,0.7904,0.6803,0.6757,0.1101,0.0046
S4199_SI,V,0.6415,0.5836,0.5837,0.0579,-0.0001
S4201_SI,M,0.8685,0.8601,0.7824,0.0084,0.0777
S4201_SI,V,0.61,0.6115,0.6062,-0.0015,0.0053
S4202_SI,M,-0.0046,-0.0156,0.0357,0.011,-0.0513
S4202_SI,V,-0.0716,-0.0605,0.0085,-0.0111,-0.069
S4203_SI,M,0.7004,0.6931,0.6845,0.0073,0.0086
S4203_SI,V,0.7256,0.7292,0.7367,-0.0036,-0.0075
S42336_SI,M,0.8033,0.6048,0.6202,0.1985,-0.0154
S42336_SI,V,0.858,0.7015,0.7063,0.1565,-0.0048
S42357_SI,M,0.8858,0.678,0.6326,0.2078,0.0454
S42357_SI,V,0.893,0.7012,0.6695,0.1918,0.0317
S42358_SI,M,0.9261,0.784,0.7854,0.1421,-0.0014
S42358_SI,V,0.9452,0.8318,0.8354,0.1134,-0.0036
S42380_SI,M,0.8553,0.7128,0.6524,0.1425,0.0604
S42380_SI,V,0.8647,0.677,0.6662,0.1877,0.0108
S42387_SI,M,0.4854,0.4925,0.4804,-0.0071,0.0121
S42387_SI,V,0.7845,0.7386,0.5853,0.0459,0.1533
S42388_SI,M,0.8871,0.7238,0.7253,0.1633,-0.0015
S42388_SI,V,0.9749,0.7673,0.7721,0.2076,-0.0048
S42398_SI,M,0.727,0.3533,0.3708,0.3737,-0.0175
S42398_SI,V,0.6784,0.3274,0.3456,0.351,-0.0182
S42490_SI,M,0.949,0.9479,0.7486,0.0011,0.1993
S42490_SI,V,0.8005,0.8058,0.2475,-0.0053,0.5583
S42492_SI,M,0.5152,0.5078,0.3674,0.0074,0.1404
S42492_SI,V,0.759,0.6967,0.4916,0.0623,0.2051
S42515_SI,M,0.8574,0.7104,0.7128,0.147,-0.0024
S42515_SI,V,0.8121,0.6099,0.6108,0.2022,-0.0009
S42517_SI,M,0.849,0.7603,0.7639,0.0887,-0.0036
S42517_SI,V,0.8175,0.7021,0.6068,0.1154,0.0953
S42518_SI,M,0.8541,0.784,0.767,0.0701,0.017
S42518_SI,V,0.6835,0.6212,0.4471,0.0623,0.1741
S4253_SI,M,0.8066,0.8104,0.402,-0.0038,0.4084
S4253_SI,V,0.8658,0.8601,0.3549,0.0057,0.5052
S4256_SI,M,0.6305,0.5801,0.2086,0.0504,0.3715
S4256_SI,V,0.8365,0.404,0.3648,0.4325,0.0392
S42723_SI,M,0.8796,0.8329,0.4808,0.0467,0.3521
S42723_SI,V,0.9107,0.8798,0.7642,0.0309,0.1156
S42727_SI,M,0.9456,0.8821,0.4794,0.0635,0.4027
S42727_SI,V,0.8676,0.7957,0.4145,0.0719,0.3812
S42765_SI,M,0.7167,0.4901,0.4319,0.2266,0.0582
S42765_SI,V,0.4755,0.2827,0.2944,0.1928,-0.0117
S42905_SI,M,0.7552,0.6866,0.467,0.0686,0.2196
S42905_SI,V,0.7132,0.6644,0.4305,0.0488,0.2339
S42941_SI,M,0.8639,0.6579,0.6536,0.206,0.0043
S42941_SI,V,0.9174,0.7559,0.7023,0.1615,0.0536
S42955_SI,M,0.9947,0.9911,0.9757,0.0036,0.0154
S42955_SI,V,0.8716,0.8712,0.687,0.0004,0.1842
S43076_SI,M,0.681,0.5245,0.3864,0.1565,0.1381
S43076_SI,V,0.5992,0.6258,0.1191,-0.0266,0.5067
S43123_SI,M,0.976,0.9534,0.9449,0.0226,0.0085
S43123_SI,V,0.9858,0.9765,0.9594,0.0093,0.0171
S43371_SI,M,0.6624,0.5184,0.5181,0.144,0.0003
S43371_SI,V,0.8126,0.7535,0.5797,0.0591,0.1738
S43375_SI,M,0.9945,0.9798,0.9804,0.0147,-0.0006
S43375_SI,V,0.9898,0.9691,0.9588,0.0207,0.0103
S43483_SI,M,0.9146,0.9133,0.7407,0.0013,0.1726
S43483_SI,V,0.7946,0.7439,0.7164,0.0507,0.0275
S43484_SI,M,0.6981,0.1919,0.2101,0.5062,-0.0182
S43484_SI,V,0.7786,0.355,0.3614,0.4236,-0.0064
S43486_SI,M,0.1831,0.1468,0.1517,0.0363,-0.0049
S43486_SI,V,0.1644,0.1586,0.1592,0.0058,-0.0006
S43488_SI,M,0.2105,0.1695,0.0648,0.041,0.1047
S43488_SI,V,0.5352,0.5113,0.1859,0.0239,0.3254
S43489_SI,M,0.2107,0.2448,0.018,-0.0341,0.2268
S43489_SI,V,0.2234,0.2587,-0.041,-0.0353,0.2997
S43490_SI,M,0.8033,0.6046,0.4156,0.1987,0.189
S43490_SI,V,0.8136,0.6068,0.4334,0.2068,0.1734
S43495_SI,M,0.8513,0.8316,0.6759,0.0197,0.1557
S43495_SI,V,0.8273,0.8215,0.6776,0.0058,0.1439
S43496_SI,M,0.7107,0.5131,0.4554,0.1976,0.0577
S43496_SI,V,0.5942,0.5312,0.4698,0.063,0.0614
S43503_SI,M,0.9434,0.9526,0.0896,-0.0092,0.863
S43503_SI,V,0.9708,0.9721,0.5554,-0.0013,0.4167
S43510_SI,M,0.9474,0.7944,0.7345,0.153,0.0599
S43510_SI,V,0.9861,0.8237,0.7988,0.1624,0.0249
S43522_SI,M,0.7547,0.5433,0.3854,0.2114,0.1579
S43522_SI,V,0.5604,0.3384,0.3732,0.222,-0.0348
S43523_SI,M,0.9635,0.8126,0.5983,0.1509,0.2143
S43523_SI,V,0.9591,0.7615,0.6583,0.1976,0.1032
S43548_SI,M,0.837,0.737,0.728,0.1,0.009
S43548_SI,V,0.8977,0.8123,0.6884,0.0854,0.1239
S43599_SI,M,0.8955,0.6703,0.6777,0.2252,-0.0074
S43599_SI,V,0.7152,0.4932,0.5023,0.222,-0.0091
S43600_SI,M,0.9328,0.9121,0.914,0.0207,-0.0019
S43600_SI,V,0.9378,0.9332,0.925,0.0046,0.0082
S43753_SI,M,0.7773,0.5633,0.556,0.214,0.0073
S43753_SI,V,0.8075,0.5605,0.5489,0.247,0.0116
S43783_SI,M,0.7545,0.627,0.5779,0.1275,0.0491
S43783_SI,V,0.7032,0.6377,0.5654,0.0655,0.0723
S43788_SI,M,0.9574,0.6404,0.599,0.317,0.0414
S43788_SI,V,0.953,0.5543,0.564,0.3987,-0.0097
S43789_SI,M,0.9465,0.9079,0.9087,0.0386,-0.0008
S43789_SI,V,0.9305,0.8582,0.8582,0.0723,0
S43794_SI,M,0.8427,0.8419,0.8216,0.0008,0.0203
S43794_SI,V,0.9128,0.782,0.7274,0.1308,0.0546
S43806_SI,M,0.6341,0.5466,0.5517,0.0875,-0.0051
S43806_SI,V,0.877,0.7066,0.6913,0.1704,0.0153
S43807_SI,M,0.3994,0.1899,0.2152,0.2095,-0.0253
S43807_SI,V,0.6021,0.2586,0.2787,0.3435,-0.0201
S43832_SI,M,0.8263,0.6283,0.6287,0.198,-0.0004
S43832_SI,V,0.8346,0.6649,0.6149,0.1697,0.05
S43836_SI,M,0.881,0.8089,0.7841,0.0721,0.0248
S43836_SI,V,0.9002,0.7197,0.6985,0.1805,0.0212
S4383_SI,M,0.7065,0.4503,0.4807,0.2562,-0.0304
S4383_SI,V,0.8273,0.5736,0.5776,0.2537,-0.004
S43903_SI,M,0.5075,0.4133,0.0982,0.0942,0.3151
S43903_SI,V,0.5957,0.579,0.1305,0.0167,0.4485
S44057_SI,M,0.918,0.7821,0.7634,0.1359,0.0187
S44057_SI,V,0.9225,0.7968,0.8007,0.1257,-0.0039
S44161_SI,M,0.9285,0.921,0.9192,0.0075,0.0018
S44161_SI,V,0.8508,0.821,0.7039,0.0298,0.1171
S44162_SI,M,0.849,0.5626,0.5404,0.2864,0.0222
S44162_SI,V,0.8356,0.6133,0.6217,0.2223,-0.0084
S44295_SI,M,0.9807,0.9564,0.9293,0.0243,0.0271
S44295_SI,V,0.9694,0.9169,0.8411,0.0525,0.0758
S44296_SI,M,0.53,0.4738,0.0534,0.0562,0.4204
S44296_SI,V,0.6426,0.6466,0.0629,-0.004,0.5837
S44389_SI,M,0.4293,0.4338,0.1525,-0.0045,0.2813
S44389_SI,V,0.4573,0.4292,0.1999,0.0281,0.2293
S44390_SI,M,0.0707,0.0799,0.069,-0.0092,0.0109
S44390_SI,V,0.038,0.0342,0.0479,0.0038,-0.0137
S44563_SI,M,0.9546,0.9513,0.8994,0.0033,0.0519
S44563_SI,V,0.9633,0.9382,0.9192,0.0251,0.019
S44665_SI,M,0.9513,0.9416,0.8688,0.0097,0.0728
S44665_SI,V,0.9587,0.9408,0.7403,0.0179,0.2005
S44693_SI,M,0.7691,0.6001,0.5883,0.169,0.0118
S44693_SI,V,0.9073,0.777,0.7676,0.1303,0.0094
S44694_SI,M,0.9492,0.8023,0.726,0.1469,0.0763
S44694_SI,V,0.9383,0.7727,0.7655,0.1656,0.0072
S44748_SI,M,0.8907,0.6266,0.6002,0.2641,0.0264
S44748_SI,V,0.8984,0.6575,0.6145,0.2409,0.043
S44767_SI,M,0.8187,0.522,0.5137,0.2967,0.0083
S44767_SI,V,0.8248,0.5731,0.5396,0.2517,0.0335
S44768_SI,M,0.7389,0.7282,0.4677,0.0107,0.2605
S44768_SI,V,0.6855,0.6881,0.4343,-0.0026,0.2538
S44960_SI,M,0.8763,0.5085,0.5303,0.3678,-0.0218
S44960_SI,V,0.7459,0.4062,0.4424,0.3397,-0.0362
S44961_SI,M,-0.0119,0.0161,-0.0046,-0.028,0.0207
S44961_SI,V,-0.0522,-0.0318,-0.0097,-0.0204,-0.0221
S45088_SI,M,0.4292,0.2337,0.2333,0.1955,0.0004
S45088_SI,V,0.5522,0.4901,0.4615,0.0621,0.0286
S45095_SI,M,0.9721,0.9314,0.923,0.0407,0.0084
S45095_SI,V,0.9614,0.914,0.8502,0.0474,0.0638
S45126_SI,M,0.8262,0.6734,0.5426,0.1528,0.1308
S45126_SI,V,0.8381,0.6787,0.5867,0.1594,0.092
S45127_SI,M,0.6292,0.5314,0.5127,0.0978,0.0187
S45127_SI,V,0.6432,0.4958,0.5034,0.1474,-0.0076
S45146_SI,M,0.9325,0.7463,0.7044,0.1862,0.0419
S45146_SI,V,0.9175,0.7417,0.6673,0.1758,0.0744
S45230_SI,M,0.9351,0.9086,0.759,0.0265,0.1496
S45230_SI,V,0.9388,0.9002,0.6285,0.0386,0.2717
S4541_SI,M,0.9035,0.7979,0.6285,0.1056,0.1694
S4541_SI,V,0.9292,0.8498,0.6889,0.0794,0.1609
S45474_SI,M,0.9877,0.9419,0.9471,0.0458,-0.0052
S45474_SI,V,0.9942,0.9776,0.9687,0.0166,0.0089
S45529_SI,M,0.9445,0.6752,0.6366,0.2693,0.0386
S45529_SI,V,0.9028,0.7067,0.6577,0.1961,0.049
S45562_SI,M,0.9216,0.535,0.5358,0.3866,-0.0008
S45562_SI,V,0.8643,0.4969,0.4553,0.3674,0.0416
S45901_SI,M,0.8775,0.6264,0.6351,0.2511,-0.0087
S45901_SI,V,0.8807,0.6813,0.5699,0.1994,0.1114
S46093_SI,M,0.9849,0.983,0.8562,0.0019,0.1268
S46093_SI,V,0.9897,0.988,0.8947,0.0017,0.0933
S46135_SI,M,0.4775,0.4237,0.4337,0.0538,-0.01
S46135_SI,V,0.5903,0.4978,0.5077,0.0925,-0.0099
S46215_SI,M,0.9789,0.9482,0.941,0.0307,0.0072
S46215_SI,V,0.9583,0.9131,0.8966,0.0452,0.0165
S46255_SI,M,0.8787,0.8838,0.6825,-0.0051,0.2013
S46255_SI,V,0.6686,0.6866,0.6265,-0.018,0.0601
S46256_SI,M,0.7923,0.598,0.5683,0.1943,0.0297
S46256_SI,V,0.7698,0.643,0.6447,0.1268,-0.0017
S46326_SI,M,0.9643,0.9622,0.9516,0.0021,0.0106
S46326_SI,V,0.9464,0.8305,0.6712,0.1159,0.1593
S46329_SI,M,0.5135,0.4053,0.3863,0.1082,0.019
S46329_SI,V,0.6246,0.4672,0.4366,0.1574,0.0306
S46330_SI,M,0.9514,0.8491,0.8143,0.1023,0.0348
S46330_SI,V,0.9682,0.8624,0.8515,0.1058,0.0109
S46331_SI,M,0.9662,0.766,0.7273,0.2002,0.0387
S46331_SI,V,0.9462,0.9415,0.9354,0.0047,0.0061
S46333_SI,M,0.9572,0.7309,0.6193,0.2263,0.1116
S46333_SI,V,0.9741,0.8526,0.8407,0.1215,0.0119
S46481_SI,M,0.9718,0.9591,0.9087,0.0127,0.0504
S46481_SI,V,0.963,0.9273,0.9183,0.0357,0.009
S46664_SI,M,0.356,0.1613,0.1924,0.1947,-0.0311
S46664_SI,V,0.3542,0.2374,0.2512,0.1168,-0.0138
S46797_SI,M,0.9515,0.9255,0.9214,0.026,0.0041
S46797_SI,V,0.95,0.94,0.9283,0.01,0.0117
S46842_SI,M,0.966,0.8507,0.7304,0.1153,0.1203
S46842_SI,V,0.973,0.8393,0.8006,0.1337,0.0387
S46992_SI,M,0.7288,0.5366,0.5482,0.1922,-0.0116
S46992_SI,V,0.699,0.5777,0.4966,0.1213,0.0811
S47051_SI,M,0.6685,0.486,0.5074,0.1825,-0.0214
S47051_SI,V,0.7387,0.5881,0.604,0.1506,-0.0159
S47055_SI,M,0.6755,0.6121,0.5934,0.0634,0.0187
S47055_SI,V,0.6639,0.5433,0.552,0.1206,-0.0087
S47071_SI,M,0.968,0.8834,0.8841,0.0846,-0.0007
S47071_SI,V,0.9649,0.8856,0.8698,0.0793,0.0158
S47094_SI,M,0.929,0.7513,0.6375,0.1777,0.1138
S47094_SI,V,0.853,0.7282,0.7135,0.1248,0.0147
S47157_SI,M,0.9517,0.9387,0.9406,0.013,-0.0019
S47157_SI,V,0.9169,0.9198,0.8465,-0.0029,0.0733
S47229_SI,M,0.554,0.4815,0.2668,0.0725,0.2147
S47229_SI,V,0.654,0.3697,0.2744,0.2843,0.0953
S47241_SI,M,0.9422,0.8977,0.8717,0.0445,0.026
S47241_SI,V,0.9634,0.8918,0.8955,0.0716,-0.0037
S47305_SI,M,0.612,0.5424,-0.1021,0.0696,0.6445
S47305_SI,V,0.0695,0.2027,-0.0838,-0.1332,0.2865
S4760_SI,M,0.9554,0.8327,0.69,0.1227,0.1427
S4760_SI,V,0.9494,0.8064,0.6179,0.143,0.1885
S47633_SI,M,0.9933,0.9251,0.9274,0.0682,-0.0023
S47633_SI,V,0.9906,0.9562,0.9567,0.0344,-0.0005
S47953_SI,M,0.9943,0.9393,0.8986,0.055,0.0407
S47953_SI,V,0.9907,0.9496,0.9524,0.0411,-0.0028
S4838_SI,M,0.9349,0.7537,0.7235,0.1812,0.0302
S4838_SI,V,0.9242,0.7936,0.7902,0.1306,0.0034
S48610_SI,M,0.946,0.7749,0.7566,0.1711,0.0183
S48610_SI,V,0.9309,0.7534,0.6905,0.1775,0.0629
S4912_SI,M,0.5872,0.4312,0.4164,0.156,0.0148
S4912_SI,V,0.7114,0.4899,0.4252,0.2215,0.0647
S49668_SI,M,0.9897,0.9861,0.9855,0.0036,0.0006
S49668_SI,V,0.9995,0.9995,0.999,0,0.0005
S50782_SI,M,0.9425,0.881,0.8699,0.0615,0.0111
S50782_SI,V,0.9683,0.9025,0.8704,0.0658,0.0321
S51694_SI,M,0.7813,0.5934,0.6074,0.1879,-0.014
S51694_SI,V,0.8919,0.6964,0.6795,0.1955,0.0169
S51920_SI,M,0.9271,0.8643,0.7221,0.0628,0.1422
S51920_SI,V,0.9633,0.839,0.6437,0.1243,0.1953
S52006_SI,M,0.7887,0.6093,0.5924,0.1794,0.0169
S52006_SI,V,0.8772,0.7171,0.7104,0.1601,0.0067
S52256_SI,M,0.8822,0.6786,0.425,0.2036,0.2536
S52256_SI,V,0.8965,0.6699,0.498,0.2266,0.1719
S5250_SI,M,0.62,0.4424,0.4472,0.1776,-0.0048
S5250_SI,V,0.6507,0.4407,0.4497,0.21,-0.009
S52706_SI,M,0.9764,0.9471,0.9518,0.0293,-0.0047
S52706_SI,V,0.9843,0.9363,0.8838,0.048,0.0525
S52856_SI,M,0.982,0.934,0.8919,0.048,0.0421
S52856_SI,V,0.9675,0.9675,0.9683,0,-0.0008
S53220_SI,M,0.8526,0.5409,0.412,0.3117,0.1289
S53220_SI,V,0.702,0.5958,0.6218,0.1062,-0.026
S53379_SI,M,0.9294,0.8099,0.7643,0.1195,0.0456
S53379_SI,V,0.9237,0.7794,0.6797,0.1443,0.0997
S53492_SI,M,0.4685,0.4214,0.4205,0.0471,0.0009
S53492_SI,V,0.4329,0.4012,0.3775,0.0317,0.0237
S53493_SI,M,0.947,0.7616,0.7494,0.1854,0.0122
S53493_SI,V,0.9311,0.7841,0.7771,0.147,0.007
S53515_SI,M,0.9506,0.8358,0.831,0.1148,0.0048
S53515_SI,V,0.9282,0.8355,0.7655,0.0927,0.07
S53516_SI,M,0.9817,0.9144,0.8795,0.0673,0.0349
S53516_SI,V,0.9948,0.9551,0.9284,0.0397,0.0267
S53517_SI,M,0.985,0.8653,0.8398,0.1197,0.0255
S53517_SI,V,0.9769,0.9212,0.7984,0.0557,0.1228
S5356_SI,M,0.9925,0.971,0.9673,0.0215,0.0037
S5356_SI,V,0.9776,0.9694,0.9598,0.0082,0.0096
S5360_SI,M,0.9447,0.9253,0.8055,0.0194,0.1198
S5360_SI,V,0.9227,0.851,0.6757,0.0717,0.1753
S53612_SI,M,0.7782,0.4059,-0.0363,0.3723,0.4422
S53612_SI,V,0.9192,0.4219,0.4347,0.4973,-0.0128
S5384_SI,M,0.942,0.8518,0.7413,0.0902,0.1105
S5384_SI,V,0.9376,0.8576,0.7533,0.08,0.1043
S53990_SI,M,0.1274,0.2779,0.2673,-0.1505,0.0106
S53990_SI,V,0.6142,0.4344,0.2194,0.1798,0.215
S54004_SI,M,0.9944,0.9672,0.9524,0.0272,0.0148
S54004_SI,V,0.9397,0.8631,0.8692,0.0766,-0.0061
S54178_SI,M,0.9818,0.9654,0.9337,0.0164,0.0317
S54178_SI,V,0.989,0.9859,0.9404,0.0031,0.0455
S54321_SI,M,0.723,0.555,0.5658,0.168,-0.0108
S54321_SI,V,0.8028,0.6864,0.5897,0.1164,0.0967
S543_SI,M,0.8717,0.7911,0.7969,0.0806,-0.0058
S543_SI,V,0.8959,0.7432,0.7512,0.1527,-0.008
S5478_SI,M,0.9562,0.8049,0.8099,0.1513,-0.005
S5478_SI,V,0.8077,0.7719,0.7746,0.0358,-0.0027
S5503_SI,M,0.9914,0.925,0.9356,0.0664,-0.0106
S5503_SI,V,0.9918,0.973,0.976,0.0188,-0.003
S5525_SI,M,0.986,0.9321,0.9233,0.0539,0.0088
S5525_SI,V,0.9878,0.9598,0.9217,0.028,0.0381
S5530_SI,M,0.7387,0.6709,0.6354,0.0678,0.0355
S5530_SI,V,0.8386,0.7732,0.76,0.0654,0.0132
S5549_SI,M,0.4843,0.3016,0.2884,0.1827,0.0132
S5549_SI,V,0.3622,0.364,0.0345,-0.0018,0.3295
S5550_SI,M,0.4984,0.3952,0.4058,0.1032,-0.0106
S5550_SI,V,0.6083,0.4631,0.4772,0.1452,-0.0141
S5551_SI,M,0.6457,0.4907,0.4557,0.155,0.035
S5551_SI,V,0.4557,0.3012,0.1808,0.1545,0.1204
S56063_SI,M,0.9715,0.9251,0.916,0.0464,0.0091
S56063_SI,V,0.9643,0.8905,0.888,0.0738,0.0025
S5607_SI,M,0.7959,0.4898,0.4178,0.3061,0.072
S5607_SI,V,0.9575,0.8182,0.5235,0.1393,0.2947
S56171_SI,M,0.9567,0.9555,0.9008,0.0012,0.0547
S56171_SI,V,0.9496,0.948,0.9229,0.0016,0.0251
S56207_SI,M,0.8426,0.7845,0.5437,0.0581,0.2408
S56207_SI,V,0.8637,0.8062,0.5189,0.0575,0.2873
S5659_SI,M,0.9296,0.7235,0.6014,0.2061,0.1221
S5659_SI,V,0.9156,0.7327,0.2222,0.1829,0.5105
S56710_SI,M,0.9012,0.7608,0.6234,0.1404,0.1374
S56710_SI,V,0.9071,0.7837,0.5109,0.1234,0.2728
S5685_SI,M,0.8569,0.7934,0.7692,0.0635,0.0242
S5685_SI,V,0.8338,0.7849,0.7608,0.0489,0.0241
S56997_SI,M,0.9679,0.9685,0.6133,-0.0006,0.3552
S56997_SI,V,0.9482,0.9489,0.521,-0.0007,0.4279
S57008_SI,M,0.9247,0.72,0.7034,0.2047,0.0166
S57008_SI,V,0.9308,0.7206,0.7211,0.2102,-0.0005
S57010_SI,M,0.978,0.8006,0.7409,0.1774,0.0597
S57010_SI,V,0.9692,0.7672,0.7651,0.202,0.0021
S57078_SI,M,0.9939,0.9848,0.9682,0.0091,0.0166
S57078_SI,V,0.9809,0.9516,0.877,0.0293,0.0746
S57142_SI,M,0.954,0.8912,0.6559,0.0628,0.2353
S57142_SI,V,0.9304,0.7708,0.536,0.1596,0.2348
S57792_SI,M,0.9351,0.8,0.7635,0.1351,0.0365
S57792_SI,V,0.9391,0.8257,0.7796,0.1134,0.0461
S57944_SI,M,0.9241,0.8603,0.7932,0.0638,0.0671
S57944_SI,V,0.9737,0.84,0.8457,0.1337,-0.0057
S58329_SI,M,0.967,0.8062,0.65,0.1608,0.1562
S58329_SI,V,0.9703,0.7584,0.6438,0.2119,0.1146
S58386_SI,M,0.6852,0.696,0.2071,-0.0108,0.4889
S58386_SI,V,0.6011,0.483,0.3989,0.1181,0.0841
S58387_SI,M,0.9107,0.9133,0.805,-0.0026,0.1083
S58387_SI,V,0.9761,0.9749,0.7082,0.0012,0.2667
S58388_SI,M,0.9504,0.9064,0.2721,0.044,0.6343
S58388_SI,V,0.9638,0.9631,0.6065,0.0007,0.3566
S58389_SI,M,0.9675,0.871,0.8246,0.0965,0.0464
S58389_SI,V,0.8903,0.8903,0.867,0,0.0233
S58615_SI,M,0.9175,0.8646,0.8539,0.0529,0.0107
S58615_SI,V,0.981,0.89,0.8689,0.091,0.0211
S58765_SI,M,0.9783,0.9226,0.9089,0.0557,0.0137
S58765_SI,V,0.9698,0.966,0.9644,0.0038,0.0016
S58858_SI,M,0.9832,0.942,0.8144,0.0412,0.1276
S58858_SI,V,0.884,0.8527,0.8571,0.0313,-0.0044
S58859_SI,M,0.9755,0.9303,0.906,0.0452,0.0243
S58859_SI,V,0.9626,0.9404,0.9032,0.0222,0.0372
S59034_SI,M,0.9933,0.9869,0.9804,0.0064,0.0065
S59034_SI,V,0.9976,0.9886,0.9876,0.009,0.001
S5929_SI,M,0.8275,0.4321,0.4358,0.3954,-0.0037
S5929_SI,V,0.8345,0.5342,0.5242,0.3003,0.01
S60083_SI,M,0.8619,0.8721,0.6596,-0.0102,0.2125
S60083_SI,V,0.7872,0.8004,0.5814,-0.0132,0.219
S60092_SI,M,0.8449,0.6217,0.6606,0.2232,-0.0389
S60092_SI,V,0.8428,0.6209,0.6264,0.2219,-0.0055
S6030_SI,M,0.9762,0.8236,0.8336,0.1526,-0.01
S6030_SI,V,0.9913,0.8557,0.8638,0.1356,-0.0081
S60704_SI,M,0.9781,0.9199,0.9101,0.0582,0.0098
S60704_SI,V,0.972,0.932,0.9274,0.04,0.0046
S60866_SI,M,0.9593,0.944,0.9489,0.0153,-0.0049
S60866_SI,V,0.9337,0.9392,0.9415,-0.0055,-0.0023
S60867_SI,M,0.9919,0.9915,0.9894,0.0004,0.0021
S60867_SI,V,0.9762,0.9733,0.9681,0.0029,0.0052
S60946_SI,M,0.9764,0.9558,0.9586,0.0206,-0.0028
S60946_SI,V,0.9535,0.8079,0.301,0.1456,0.5069
S61408_SI,M,0.9047,0.8001,0.8067,0.1046,-0.0066
S61408_SI,V,0.7851,0.6887,0.707,0.0964,-0.0183
S61590_SI,M,0.8452,0.6556,0.5963,0.1896,0.0593
S61590_SI,V,0.9262,0.7528,0.7223,0.1734,0.0305
S62014_SI,M,0.7863,0.6588,0.6613,0.1275,-0.0025
S62014_SI,V,0.7846,0.6565,0.593,0.1281,0.0635
S62062_SI,M,0.9023,0.8267,0.7944,0.0756,0.0323
S62062_SI,V,0.9268,0.8729,0.8471,0.0539,0.0258
S62071_SI,M,0.981,0.9737,0.9739,0.0073,-0.0002
S62071_SI,V,0.983,0.9725,0.9446,0.0105,0.0279
S62072_SI,M,0.2779,0.2668,-0.0052,0.0111,0.272
S62072_SI,V,0.4336,0.4341,-0.0151,-0.0005,0.4492
S6207_SI,M,0.9214,0.9286,0.9332,-0.0072,-0.0046
S6207_SI,V,0.9855,0.963,0.9408,0.0225,0.0222
S62118_SI,M,0.73,0.7427,0.7577,-0.0127,-0.015
S62118_SI,V,0.6538,0.6702,0.6717,-0.0164,-0.0015
S62122_SI,M,0.9801,0.8833,0.7727,0.0968,0.1106
S62122_SI,V,0.9789,0.9606,0.8843,0.0183,0.0763
S62222_SI,M,0.7327,0.674,0.2499,0.0587,0.4241
S62222_SI,V,0.7422,0.5901,0.1994,0.1521,0.3907
S62244_SI,M,0.9602,0.9465,0.8974,0.0137,0.0491
S62244_SI,V,0.9258,0.9103,0.9076,0.0155,0.0027
S62444_SI,M,0.8993,0.755,0.7605,0.1443,-0.0055
S62444_SI,V,0.9485,0.7949,0.7894,0.1536,0.0055
S62447_SI,M,0.9296,0.8158,0.8068,0.1138,0.009
S62447_SI,V,0.9191,0.8341,0.81,0.085,0.0241
S62449_SI,M,0.858,0.6792,0.6037,0.1788,0.0755
S62449_SI,V,0.888,0.7496,0.7523,0.1384,-0.0027
S62450_SI,M,0.8307,0.3406,0.1785,0.4901,0.1621
S62450_SI,V,0.8601,0.5613,0.4457,0.2988,0.1156
S62451_SI,M,0.4534,0.4644,0.2262,-0.011,0.2382
S62451_SI,V,0.2838,0.3124,0.1294,-0.0286,0.183
S62457_SI,M,0.5324,0.1161,0.08,0.4163,0.0361
S62457_SI,V,0.537,0.2533,0.2101,0.2837,0.0432
S62617_SI,M,0.8723,0.821,0.2797,0.0513,0.5413
S62617_SI,V,0.9683,0.7468,0.6567,0.2215,0.0901
S62657_SI,M,0.8802,0.8788,0.6126,0.0014,0.2662
S62657_SI,V,0.8856,0.867,0.6298,0.0186,0.2372
S62894_SI,M,0.8316,0.6609,0.6565,0.1707,0.0044
S62894_SI,V,0.8549,0.6853,0.6692,0.1696,0.0161
S63050_SI,M,0.6356,0.3818,0.3716,0.2538,0.0102
S63050_SI,V,0.6794,0.4641,0.3538,0.2153,0.1103
S63108_SI,M,0.4641,0.3137,0.3271,0.1504,-0.0134
S63108_SI,V,0.6992,0.4902,0.5024,0.209,-0.0122
S63195_SI,M,0.9802,0.9701,0.9658,0.0101,0.0043
S63195_SI,V,0.9658,0.9618,0.9329,0.004,0.0289
S63196_SI,M,0.8913,0.5137,0.5278,0.3776,-0.0141
S63196_SI,V,0.7919,0.5077,0.519,0.2842,-0.0113
S63200_SI,M,0.6247,0.0239,0.0895,0.6008,-0.0656
S63200_SI,V,0.6163,0.0346,0.0991,0.5817,-0.0645
S6337_SI,M,0.6715,0.6217,0.6036,0.0498,0.0181
S6337_SI,V,0.6746,0.6055,0.5926,0.0691,0.0129
S6339_SI,M,0.8655,0.8407,0.8335,0.0248,0.0072
S6339_SI,V,0.9661,0.7538,0.6754,0.2123,0.0784
S6340_SI,M,0.9552,0.8663,0.8689,0.0889,-0.0026
S6340_SI,V,0.9733,0.8869,0.8895,0.0864,-0.0026
S6341_SI,M,0.9466,0.815,0.7996,0.1316,0.0154
S6341_SI,V,0.9088,0.7898,0.7794,0.119,0.0104
S63468_SI,M,0.9297,0.7198,0.7217,0.2099,-0.0019
S63468_SI,V,0.6229,0.4817,0.4866,0.1412,-0.0049
S63479_SI,M,0.9836,0.7681,0.755,0.2155,0.0131
S63479_SI,V,0.9728,0.7809,0.7956,0.1919,-0.0147
S6394_SI,M,0.8341,0.8176,0.6859,0.0165,0.1317
S6394_SI,V,0.8114,0.7792,0.5879,0.0322,0.1913
S6467_SI,M,0.6074,0.6087,0.6125,-0.0013,-0.0038
S6467_SI,V,0.3968,0.4149,0.4332,-0.0181,-0.0183
S647_SI,M,0.9939,0.9694,0.4489,0.0245,0.5205
S647_SI,V,0.9592,0.9603,0.2311,-0.0011,0.7292
S6564_SI,M,0.9777,0.9246,0.9261,0.0531,-0.0015
S6564_SI,V,0.9712,0.8556,0.8543,0.1156,0.0013
S6827_SI,M,0.7303,0.7164,0.639,0.0139,0.0774
S6827_SI,V,0.7571,0.7623,0.419,-0.0052,0.3433
S682_SI,M,0.9817,0.974,0.9646,0.0077,0.0094
S682_SI,V,0.9829,0.9666,0.9396,0.0163,0.027
S6953_SI,M,0.9802,0.9051,0.9066,0.0751,-0.0015
S6953_SI,V,0.9677,0.8949,0.8889,0.0728,0.006
S7063_SI,M,0.8971,0.8069,0.7506,0.0902,0.0563
S7063_SI,V,0.9008,0.8653,0.8598,0.0355,0.0055
S7115_SI,M,0.897,0.6112,0.6264,0.2858,-0.0152
S7115_SI,V,0.9653,0.7783,0.7921,0.187,-0.0138
S7241_SI,M,0.9458,0.9381,0.7858,0.0077,0.1523
S7241_SI,V,0.9418,0.928,0.8332,0.0138,0.0948
S7242_SI,M,0.9907,0.9662,0.9668,0.0245,-0.0006
S7242_SI,V,0.9654,0.956,0.9528,0.0094,0.0032
S7295_SI,M,0.9629,0.7583,0.6799,0.2046,0.0784
S7295_SI,V,0.9251,0.786,0.6702,0.1391,0.1158
S729_SI,M,0.9648,0.8927,0.8944,0.0721,-0.0017
S729_SI,V,0.9839,0.9116,0.8659,0.0723,0.0457
S7504_SI,M,0.8414,0.5861,0.5942,0.2553,-0.0081
S7504_SI,V,0.7497,0.5463,0.5043,0.2034,0.042
S7561_SI,M,0.8539,0.6998,0.6379,0.1541,0.0619
S7561_SI,V,0.8792,0.6702,0.6123,0.209,0.0579
S7639_SI,M,0.6879,0.623,0.2427,0.0649,0.3803
S7639_SI,V,0.8198,0.7463,0.5339,0.0735,0.2124
S7640_SI,M,0.5689,0.5917,0.5892,-0.0228,0.0025
S7640_SI,V,0.5508,0.5621,0.5873,-0.0113,-0.0252
S7641_SI,M,0.439,0.3755,0.2664,0.0635,0.1091
S7641_SI,V,0.5269,0.5301,0.3653,-0.0032,0.1648
S7642_SI,M,0.7176,0.6442,0.08,0.0734,0.5642
S7642_SI,V,0.8463,0.4489,0.3758,0.3974,0.0731
S7644_SI,M,0.6522,0.5581,0.5679,0.0941,-0.0098
S7644_SI,V,0.8067,0.6526,0.6267,0.1541,0.0259
S7687_SI,M,0.9397,0.9256,0.8937,0.0141,0.0319
S7687_SI,V,0.9618,0.904,0.8922,0.0578,0.0118
S7893_SI,M,0.9516,0.9421,0.9342,0.0095,0.0079
S7893_SI,V,0.9481,0.8971,0.8982,0.051,-0.0011
S8065_SI,M,0.855,0.7112,0.5974,0.1438,0.1138
S8065_SI,V,0.7709,0.7132,0.4778,0.0577,0.2354
S8067_SI,M,0.8796,0.7067,0.7095,0.1729,-0.0028
S8067_SI,V,0.8801,0.7213,0.7274,0.1588,-0.0061
S8490_SI,M,0.9859,0.9836,0.9737,0.0023,0.0099
S8490_SI,V,0.9761,0.9576,0.9308,0.0185,0.0268
S8886_SI,M,0.898,0.8307,0.8098,0.0673,0.0209
S8886_SI,V,0.8807,0.864,0.8664,0.0167,-0.0024
S9049_SI,M,0.9083,0.8763,0.8625,0.032,0.0138
S9049_SI,V,0.9824,0.9633,0.9279,0.0191,0.0354
S9056_SI,M,0.73,0.5405,0.5459,0.1895,-0.0054
S9056_SI,V,0.7705,0.4299,0.4602,0.3406,-0.0303
S9269_SI,M,0.977,0.4974,0.4798,0.4796,0.0176
S9269_SI,V,0.7599,0.6657,0.444,0.0942,0.2217
S933_SI,M,0.9649,0.8998,0.0557,0.0651,0.8441
S933_SI,V,0.9618,0.9619,0.2245,-0.0001,0.7374
S9566_SI,M,0.9565,0.9138,0.8962,0.0427,0.0176
S9566_SI,V,0.9832,0.938,0.9327,0.0452,0.0053
S9921_SI,M,0.7394,0.7643,0.2446,-0.0249,0.5197
S9921_SI,V,0.8964,0.7377,0.6159,0.1587,0.1218
